mf_ind,mf,ec,C,H,O,NSP,other,search_m0,search_m,pa_mm_abs,pa_mm_max,pa_mm_rel,major_count,minor_count,major_multi_count,minor_multi_count,p_d1,p_d2,p_dinf,pa_sum_abs,pa_sum_max,pa_sum_rel,tma_m_err_ppm
2051,C15H17O6Cl,HCOCl,15,17,6,0,1,328.0713659,327.06408943312,2,5.6,0.357142857142857,2,0,0,0,1.4755846071057,0.935724558524211,0.837764084339142,1.1622359007597,1.54228817787953,0.753578946807231,0.00990812512746579
2314,C16H17O6Cl,HCOCl,16,17,6,0,1,340.0713659,339.06408943312,2,5.6,0.357142857142857,2,0,0,0,1.80229474324733,1.06955878079994,0.826948285102844,1.17305169999599,1.55711093056016,0.753351400323161,-0.0199206616124027
2360,C16H19O6Cl,HCOCl,16,19,6,0,1,342.087016,341.07973953312,2,5.6,0.357142857142857,2,0,0,0,1.40969027299434,0.911306940926738,0.826948285102844,1.17305169999599,1.55734095675871,0.753240126964532,0.0456651684157309
2448,C15H19O7Cl,HCOCl,15,19,7,0,1,346.0819306,345.07465413312,2,5.6,0.357142857142857,2,0,0,0,1.1292356364429,0.696829702018274,0.595133304595947,1.00460257800296,1.54263491882011,0.651225099177278,0.0436261030047967
2628,C17H19O6Cl,HCOCl,17,19,6,0,1,354.087016,353.07973953312,2,5.6,0.357142857142857,2,0,0,0,1.9517415324226,1.15630092461214,0.816132605075836,1.18386739492416,1.57221608934924,0.752992799745601,0.0216688798762502
2670,C16H17O7Cl,HCOCl,16,17,7,0,1,356.0662806,355.05900413312,2,5.6,0.357142857142857,2,0,0,0,1.403262544889,0.909873797659356,0.826948285102844,1.17305169999599,1.55760299530812,0.75311340792841,-0.0300071411128224
2723,C17H23O6Cl,HCOCl,17,23,6,0,1,358.1183161,357.11103963312,2,5.6,0.357142857142857,2,0,0,0,0.907598749734461,0.616557690132089,0.523720860481262,1.18386739492416,1.572676142212,0.752772527762155,-0.0140422954063264
2770,C16H21O7Cl,HCOCl,16,21,7,0,1,360.0975807,359.09030423312,2,5.6,0.357142857142857,2,0,0,0,0.505733643192798,0.327726483699198,0.272710144519806,1.31995779275894,1.58140385104343,0.834674704938915,-0.0295911793302405
2964,C18H21O6Cl,HCOCl,18,21,6,0,1,368.1026661,367.09538963312,2,5.7,0.350877192982456,2,0,0,0,1.86307186679915,1.09700808211398,0.805316925048828,1.19468310475349,1.58735868381336,0.752623283531274,0.0695843702362131
3004,C16H15O8Cl,HCOCl,16,15,8,0,1,370.0455451,369.03826863312,2,5.6,0.357142857142857,2,0,0,0,1.28990608593449,0.892241450773811,0.826948285102844,1.17305169999599,1.55841140542179,0.752722737984904,-0.0390800923443167
3011,C17H19O7Cl,HCOCl,17,19,7,0,1,370.0819306,369.07465413312,2,5.6,0.357142857142857,2,0,0,0,1.66035027895123,0.991889606726304,0.816132605075836,1.18386739492416,1.5725970142521,0.752810404824019,0.0254943014856822
3016,C18H23O6Cl,HCOCl,18,23,6,0,1,370.1183161,369.11103963312,2,5.7,0.350877192982456,2,0,0,0,1.28382612066343,0.873508849021631,0.805316925048828,1.19468310475349,1.58758870977908,0.752514235831103,-0.0286737712961254
3060,C17H21O7Cl,HCOCl,17,21,7,0,1,372.0975807,371.09030423312,2,5.6,0.357142857142857,2,0,0,0,0.730447486974299,0.475363367985322,0.3465695977211,1.18386739492416,1.57282704114914,0.752700305851307,-0.00168746663438501
3112,C17H23O7Cl,HCOCl,17,23,7,0,1,374.1132308,373.10595433312,2,5.6,0.357142857142857,2,0,0,0,0.318267838098109,0.20557615278747,0.183867394924164,1.31995779275894,1.59803952462971,0.825985698360492,-0.00177430160051709
3161,C12H21O11Cl,HCOCl,12,21,11,0,1,376.0772392,375.06996273312,2,5.7,0.350877192982456,2,0,0,0,1.17180664651096,0.761041193603183,0.680042207241058,1.31995779275894,1.52883163094521,0.863376820600495,-0.547048307355637
3165,C16H21O8Cl,HCOCl,16,21,8,0,1,376.0924953,375.08521883312,3,5.6,0.535714285714286,3,0,0,0,0.743048913776875,0.448204356307906,0.39045587182045,1.32521788170561,1.58860779041424,0.83420079499928,-0.0360523153917889
3172,C21H25O4Cl,HCOCl,21,25,4,0,1,376.144137,375.13686053312,3,5.7,0.526315789473684,3,0,0,0,0.437941771931946,0.314833425281404,0.300987780094147,1.54708808660507,1.66480500984471,0.929290864369383,0.0156062206281535
3309,C18H19O7Cl,HCOCl,18,19,7,0,1,382.0819306,381.07465413312,2,5.7,0.350877192982456,2,0,0,0,1.87995112733915,1.10739443311024,0.805316925048828,1.19468310475349,1.58750958181918,0.752551744213392,0.0246914885162195
3316,C19H23O6Cl,HCOCl,19,23,6,0,1,382.1183161,381.11103963312,2,5.7,0.350877192982456,2,0,0,0,1.80995905958116,1.06138260794254,0.794501185417175,1.20549879968166,1.60253869974986,0.752243175075792,-0.00153263077644029
3356,C17H17O8Cl,HCOCl,17,17,8,0,1,384.0611952,383.05391873312,2,5.6,0.357142857142857,2,0,0,0,1.17460381379351,0.854892158149334,0.790556132793427,1.18386739492416,1.57291770586744,0.752656919372193,0.0244540000866277
3361,C18H21O7Cl,HCOCl,18,21,7,0,1,384.0975807,383.09030423312,2,5.7,0.350877192982456,2,0,0,0,1.52671528654173,0.930587196150394,0.805316925048828,1.19468310475349,1.58773960871622,0.752442716800059,0.0244681225664514
3365,C19H25O6Cl,HCOCl,19,25,6,0,1,384.1339662,383.12668973312,2,5.7,0.350877192982456,2,0,0,0,1.04355258308351,0.728776939447831,0.651443541049957,1.20549879968166,1.60276872687973,0.752135214185597,-0.0277182609824301
3413,C17H19O8Cl,HCOCl,17,19,8,0,1,386.0768452,385.06956873312,2,5.6,0.357142857142857,2,0,0,0,1.13457464566454,0.818017315010126,0.750526964664459,1.18386739492416,1.57314773206599,0.752546865620439,-0.00147584366190322
3419,C18H23O7Cl,HCOCl,18,23,7,0,1,386.1132308,385.10595433312,3,5.7,0.526315789473684,3,0,0,0,0.504742928314954,0.353680182276591,0.331967562437057,1.51464089751244,1.6202525338158,0.934817792844525,-0.00171901405660036
3466,C17H21O8Cl,HCOCl,17,21,8,0,1,388.0924953,387.08521883312,2,5.6,0.357142857142857,2,0,0,0,0.61374851455912,0.3982763813053,0.319957792758942,1.18386739492416,1.57337775896303,0.752436843714135,-0.00156064492235854
3472,C18H25O7Cl,HCOCl,18,25,7,0,1,388.1288808,387.12160433312,2,5.7,0.350877192982456,2,0,0,0,0.402294226456434,0.247590239877491,0.194683104753494,1.31995779275894,1.6149407508783,0.817341312392462,0.0242866851345996
3519,C16H19O9Cl,HCOCl,16,19,9,0,1,390.0717599,389.06448343312,2,6.7,0.298507462686567,2,0,0,0,0.369714391301386,0.226051143791748,0.173051699995995,1.31995779275894,1.58785290352535,0.831284679977834,-0.0114816746266666
3627,C16H23O9Cl,HCOCl,16,23,9,0,1,394.10306,393.09578353312,2,6.7,0.298507462686567,2,0,0,0,1.15209381876048,0.706132555745484,0.602691054344177,1.00591759989038,1.55981180246454,0.644896774278159,0.041862592235203
3670,C18H17O8Cl,HCOCl,18,17,8,0,1,396.0611952,395.05391873312,2,6.7,0.298507462686567,2,0,0,0,1.84392540797126,1.08481105008438,0.805316925048828,1.19468310475349,1.58868453267496,0.751995175997551,-0.00160105365293243
3676,C19H21O7Cl,HCOCl,19,21,7,0,1,396.0975807,395.09030423312,2.1,5.7,0.368421052631579,2,1,0,0,1.9398448523134,1.14251112643009,0.794501185417175,1.20549879968166,1.60268959868699,0.75217234870013,-0.0112559375516377
3728,C18H19O8Cl,HCOCl,18,19,8,0,1,398.0768452,397.06956873312,2,6.7,0.298507462686567,2,0,0,0,1.68314134224784,0.99688151633906,0.805316925048828,1.19468310475349,1.58891455887351,0.751886310111278,-0.0169894180482594
3735,C19H23O7Cl,HCOCl,19,23,7,0,1,398.1132308,397.10595433312,2,5.7,0.350877192982456,2,0,0,0,1.42034578882158,0.890281745614209,0.794501185417175,1.20549879968166,1.60291962465271,0.752064408683527,0.0235143805599134
3740,C20H27O6Cl,HCOCl,20,27,6,0,1,398.1496163,397.14233983312,2,5.7,0.350877192982456,2,0,0,0,1.19469070341438,0.849466535135937,0.783685386180878,1.21631459891796,1.61798627465032,0.751745931331112,-0.0364631219308915
3776,C17H17O9Cl,HCOCl,17,17,9,0,1,400.0561098,399.04883333312,2,6.7,0.298507462686567,2,0,0,0,0.799530483433045,0.526354099383552,0.413737237453461,1.18386739492416,1.57504419691395,0.751640745855745,-0.00152964370878073
3783,C18H21O8Cl,HCOCl,18,21,8,0,1,400.0924953,399.08521883312,2,6.7,0.298507462686567,2,0,0,0,1.04084532603156,0.72882838719204,0.651846528053284,1.19468310475349,1.58914458577055,0.751777475410904,0.023542842623326
3790,C19H25O7Cl,HCOCl,19,25,7,0,1,400.1288808,399.12160433312,3,5.7,0.526315789473684,3,0,0,0,0.505756532773376,0.357564143506472,0.338213503360748,1.52545659244061,1.63753819116391,0.931554818490283,-0.00149779556367299
3833,C17H19O9Cl,HCOCl,17,19,9,0,1,402.0717599,401.06448343312,3,6.7,0.447761194029851,3,0,0,0,0.846716628526337,0.529016752251219,0.47585928440094,1.32587539264932,1.60915515816305,0.823957457379618,-0.0265441247000802
3838,C18H23O8Cl,HCOCl,18,23,8,0,1,402.1081454,401.10086893312,3,6.7,0.447761194029851,3,0,0,0,0.233053645933978,0.156552997762697,0.141776025295258,1.51464089751244,1.62371250113938,0.932825790556883,-0.01112142141821
3897,C18H25O8Cl,HCOCl,18,25,8,0,1,404.1237954,403.11651893312,2,6.7,0.298507462686567,2,0,0,0,0.29273431643378,0.206535798470926,0.194683104753494,1.31995779275894,1.61801979213487,0.815785937338468,0.00804132712576728
3950,C17H23O9Cl,HCOCl,17,23,9,0,1,406.10306,405.09578353312,2,6.7,0.298507462686567,2,0,0,0,0.950711713288911,0.537947107560475,0.386968672275543,1.00591759989038,1.57475093810353,0.638778854198876,-0.0298434977196863
4109,C19H21O8Cl,HCOCl,19,21,8,0,1,412.0924953,411.08521883312,2,6.7,0.298507462686567,2,0,0,0,1.48501457518432,0.909049861098131,0.794501185417175,1.20549879968166,1.60415146674495,0.751486891775743,-0.0257946652427045
4114,C20H25O7Cl,HCOCl,20,25,7,0,1,412.1288808,411.12160433312,2,5.7,0.350877192982456,2,0,0,0,1.29195696022362,0.856690447749258,0.783685386180878,1.21631459891796,1.61813717358746,0.751675827471015,-0.00145407710320276
4157,C18H19O9Cl,HCOCl,18,19,9,0,1,414.0717599,413.06448343312,2,6.8,0.294117647058824,2,0,0,0,1.18501932383515,0.859901336026009,0.795701503753662,1.19468310475349,1.58961450704373,0.75155523522196,0.0226441654445556
4164,C19H23O8Cl,HCOCl,19,23,8,0,1,414.1081454,413.10086893312,2,6.7,0.298507462686567,2,0,0,0,0.779148417175747,0.505670071144608,0.385958433151245,1.20549879968166,1.60438149271067,0.751379148387533,0.013419545594674
4170,C20H27O7Cl,HCOCl,20,27,7,0,1,414.1445309,413.13725443312,2,5.7,0.350877192982456,2,0,0,0,0.755525290034711,0.486076564345035,0.359244525432587,1.21631459891796,1.61836719955318,0.751568988332054,-0.00153363693720654
4215,C18H21O9Cl,HCOCl,18,21,9,0,1,416.0874099,415.08013343312,3,6.8,0.441176470588235,3,0,0,0,1.07815461209975,0.589893224962153,0.361120879650116,1.20060070464388,1.59557111770846,0.75245828363211,-0.00140214502039923
4220,C19H25O8Cl,HCOCl,19,25,8,0,1,416.1237954,415.11651893312,3.1,6.7,0.462686567164179,3,1,0,0,0.270378443063237,0.155373238318375,0.111653670668602,1.52545659244061,1.64105504949111,0.929558452602576,-0.0254757522971127
4273,C18H23O9Cl,HCOCl,18,23,9,0,1,418.10306,417.09578353312,3,6.8,0.441176470588235,3,0,0,0,0.176766792545095,0.122077733443401,0.104783862829208,1.51464089751244,1.62646743864752,0.931245754770181,-0.0014812007423537
4321,C21H21O7Cl,HCOCl,21,21,7,0,1,420.0975807,419.09030423312,2,6.7,0.298507462686567,2,0,0,0,1.92913993319962,1.12901262089856,0.77286970615387,1.22713029384613,1.63374734448735,0.75111387203582,-0.0448975400368209
4371,C20H19O8Cl,HCOCl,20,19,8,0,1,422.0768452,421.06956873312,2,6.7,0.298507462686567,2,0,0,0,1.95239386986941,1.1472863475625,0.783685386180878,1.21631459891796,1.61896585370414,0.751291076420836,-0.0013496642394744
4376,C17H23O10Cl,HCOCl,17,23,10,0,1,422.0979746,421.09069813312,2,6.7,0.298507462686567,2,0,0,0,1.36714721017051,0.885949565987483,0.803283274173737,1.00657511223108,1.57552934542764,0.63888058648496,-0.0195509790342759
4425,C20H21O8Cl,HCOCl,20,21,8,0,1,424.0924953,423.08521883312,2.1,6.7,0.313432835820896,2,1,0,0,1.87548271846026,1.0970595709698,0.783685386180878,1.21631459891796,1.61919588060118,0.751184346186925,0.0604802541981382
4431,C21H25O7Cl,HCOCl,21,25,7,0,1,424.1288808,423.12160433312,2,6.7,0.298507462686567,2,0,0,0,1.72733845433686,1.0053755933033,0.77286970615387,1.22713029384613,1.63420739758294,0.750902422581801,-0.0250460044690253
4471,C19H19O9Cl,HCOCl,19,19,9,0,1,426.0717599,425.06448343312,2,6.8,0.294117647058824,2,0,0,0,1.62593044014648,0.964316338823248,0.794501185417175,1.20549879968166,1.60443748394027,0.751352926959253,0.00746026070297506
4477,C20H23O8Cl,HCOCl,20,23,8,0,1,426.1081454,425.10086893312,2,6.7,0.298507462686567,2,0,0,0,1.58224068116397,0.939302148236368,0.783685386180878,1.21631459891796,1.6194259065669,0.751077646705358,0.0130407306853085
4481,C21H27O7Cl,HCOCl,21,27,7,0,1,426.1445309,425.13725443312,2,6.7,0.298507462686567,2,0,0,0,1.32342406234238,0.852790337353647,0.77286970615387,1.22713029384613,1.63443742354866,0.750796742760458,-0.00149034822737325
4521,C19H21O9Cl,HCOCl,19,21,9,0,1,428.0874099,427.08013343312,2,6.8,0.294117647058824,2,0,0,0,1.09657545061782,0.775435150001704,0.703250348567963,1.20549879968166,1.60466751083732,0.751245221542894,0.0220513663486695
4528,C20H25O8Cl,HCOCl,20,25,8,0,1,428.1237954,427.11651893312,3,6.7,0.447761194029851,3,0,0,0,0.417065690271556,0.330552410047567,0.322702825069427,1.5362723916769,1.65832208329812,0.926401696720773,0.0220642380582972
4533,C21H29O7Cl,HCOCl,21,29,7,0,1,428.1601809,427.15290443312,2,6.8,0.294117647058824,2,0,0,0,0.748951217741705,0.47792773522605,0.347415924072266,1.22713029384613,1.63466744951438,0.750691092681071,0.0220771073089132
4575,C19H23O9Cl,HCOCl,19,23,9,0,1,430.10306,429.09578353312,3.1,6.8,0.455882352941177,3,1,0,0,0.329440232831985,0.257504238000354,0.248776122927666,1.52545659244061,1.64339605579153,0.928234303024345,0.0218643502392974
4581,C20H27O8Cl,HCOCl,20,27,8,0,1,430.1394455,429.13216903312,3,6.7,0.447761194029851,3,0,0,0,0.348429943434894,0.204565036821978,0.147580325603485,1.5362723916769,1.65855210926384,0.926273213302168,-0.00142497490370827
4626,C18H21O10Cl,HCOCl,18,21,10,0,1,432.0823245,431.07504803312,2,6.8,0.294117647058824,2,0,0,0,1.01071881607641,0.575516249943703,0.432507485151291,1.00657511223108,1.59051302692387,0.632861910083088,0.0117862083316229
4632,C19H25O9Cl,HCOCl,19,25,9,0,1,432.1187101,431.11143363312,3,6.8,0.441176470588235,3,0,0,0,0.170159604866058,0.1093212978338,0.086482509970665,1.52545659244061,1.6436260829214,0.928104395696398,-0.0247112575075941
4685,C18H23O10Cl,HCOCl,18,23,10,0,1,434.0979746,433.09069813312,2,6.8,0.294117647058824,2,0,0,0,1.00243341282476,0.569315908796369,0.424222081899643,1.00657511223108,1.59051302692387,0.632861910083088,0.0116486925627225
4693,C19H27O9Cl,HCOCl,19,27,9,0,1,434.1343601,433.12708363312,2,6.8,0.294117647058824,2,0,0,0,0.522132870275527,0.351183798391215,0.319957792758942,1.20549879968166,1.60535758989863,0.75092229124963,-0.00136080738052689
4738,C21H21O8Cl,HCOCl,21,21,8,0,1,436.0924953,435.08521883312,3.1,6.7,0.462686567164179,3,1,0,0,2.15219457005151,1.16437257815496,0.780130445957184,1.23499031085521,1.63953770045191,0.753255207559305,0.0445781718136053
4745,C22H25O7Cl,HCOCl,22,25,7,0,1,436.1288808,435.12160433312,3,6.7,0.447761194029851,3,0,1,0,2.19164286227897,1.14572414175103,0.762053966522217,1.24659202247858,1.65392204583623,0.753718729136537,0.0216075240107858
4786,C20H19O9Cl,HCOCl,20,19,9,0,1,438.0717599,437.06448343312,2,6.8,0.294117647058824,2,0,0,0,1.89621358376462,1.11020563889718,0.783685386180878,1.21631459891796,1.61948900867719,0.751048381557991,-0.00147850614062013
4794,C21H23O8Cl,HCOCl,21,23,8,0,1,438.1081454,437.10086893312,2,6.7,0.298507462686567,2,0,0,0,1.91920118802227,1.12229405244191,0.77286970615387,1.22713029384613,1.63450763747096,0.750764490611279,0.0355708828443811
4800,C22H27O7Cl,HCOCl,22,27,7,0,1,438.1445309,437.13725443312,2,6.7,0.298507462686567,2,0,0,0,1.5541206789203,0.915504721405386,0.762053966522217,1.23794600367546,1.64954949379899,0.750475210552437,-0.0384461716961955
4837,C19H17O10Cl,HCOCl,19,17,10,0,1,440.0510244,439.04374793312,2,6.8,0.294117647058824,2,0,0,0,1.27953034394886,0.863901761896673,0.794501185417175,1.20549879968166,1.60489831271116,0.751137184290021,-0.0241160607419643
4844,C20H21O9Cl,HCOCl,20,21,9,0,1,440.0874099,439.08013343312,2,6.8,0.294117647058824,2,0,0,0,1.72414570313413,1.00802682306603,0.783685386180878,1.21631459891796,1.61971903557424,0.75094172026369,-0.00132550415708696
4851,C21H25O8Cl,HCOCl,21,25,8,0,1,440.1237954,439.11651893312,2,6.7,0.298507462686567,2,0,0,0,1.38890200131573,0.866596753172789,0.77286970615387,1.22713029384613,1.63473766460083,0.750658849073357,-0.00131104743553325
4856,C22H29O7Cl,HCOCl,22,29,7,0,1,440.1601809,439.15290443312,2,6.8,0.294117647058824,2,0,0,0,1.13013036968186,0.795521059535694,0.724298715591431,1.23794600367546,1.64977951976471,0.750370573064223,0.0442442790444122
4884,C18H15O11Cl,HCOCl,18,15,11,0,1,442.030289,441.02301253312,2,6.8,0.294117647058824,2,0,0,0,0.574423865997232,0.370404271542865,0.308809697628021,1.31995779275894,1.62607482972089,0.811744803272987,-0.00142940965744416
4891,C19H19O10Cl,HCOCl,19,19,10,0,1,442.0666745,441.05939803312,3,6.8,0.441176470588235,3,0,0,0,1.37369643931743,0.775809632506488,0.558344304561615,1.21207391191274,1.61152863909956,0.752126820774333,0.0212570020797006
4897,C20H23O9Cl,HCOCl,20,23,9,0,1,442.10306,441.09578353312,3.1,6.8,0.455882352941177,3,1,0,0,0.835077367839403,0.724367142156335,0.720044672489166,1.5362723916769,1.66067020047922,0.92509180404007,-0.00140060855356611
4903,C21H27O8Cl,HCOCl,21,27,8,0,1,442.1394455,441.13216903312,3,6.7,0.447761194029851,3,0,0,0,0.508279644185677,0.418715914148744,0.412028670310974,1.54708808660507,1.67597343982197,0.9230982125644,-0.00138621156498963
4946,C19H21O10Cl,HCOCl,19,21,10,0,1,444.0823245,443.07504803312,3,6.8,0.441176470588235,3,0,0,0,1.13534926658031,0.621865636124147,0.379164338111877,1.21207391191274,1.6117586659966,0.752019478774308,-0.0238325441442093
4952,C20H25O9Cl,HCOCl,20,25,9,0,1,444.1187101,443.11143363312,3,6.8,0.441176470588235,3,0,0,0,0.447132729110308,0.315394935553782,0.299559056758881,1.5362723916769,1.66090022760909,0.924963683031345,0.0124797636061816
4957,C21H29O8Cl,HCOCl,21,29,8,0,1,444.1550956,443.14781913312,3,6.8,0.441176470588235,3,0,0,0,0.302095972234383,0.173325530910594,0.124607145786285,1.54708808660507,1.67620346578769,0.922971535486029,-0.0240258557562225
5004,C18H19O11Cl,HCOCl,18,19,11,0,1,446.0615891,445.05431263312,2,6.8,0.294117647058824,2,0,0,0,0.582138703786768,0.377999837346472,0.319957792758942,1.19468310475349,1.59194739407394,0.750453883841092,-0.00993791467828451
5006,C22H19O8Cl,HCOCl,22,19,8,0,1,446.0768452,445.06956873312,2.1,6.7,0.313432835820896,2,1,0,0,1.98848665645346,1.1670908520965,0.820444583892822,1.23794600367546,1.64916676585563,0.750649375979382,-0.109534837293619
5010,C19H23O10Cl,HCOCl,19,23,10,0,1,446.0979746,445.09069813312,4,6.8,0.588235294117647,4,0,0,0,0.602752514532767,0.360027438185469,0.294193625450134,1.53203170467168,1.65254221146461,0.927075686202218,-0.00133838462041198
5017,C20H27O9Cl,HCOCl,20,27,9,0,1,446.1343601,445.12708363312,3,6.8,0.441176470588235,3,0,0,0,0.262825466808863,0.16210806235067,0.138887032866478,1.5362723916769,1.66113025357481,0.924835598154203,-0.00132412192783989
5056,C21H17O9Cl,HCOCl,21,17,9,0,1,448.0561098,447.04883333312,2,6.8,0.294117647058824,2,0,0,0,1.89988728694152,1.10947584687487,0.77286970615387,1.22713029384613,1.63434782449622,0.750837903323541,0.0881076222442678
5060,C18H21O11Cl,HCOCl,18,21,11,0,1,448.0772392,447.06996273312,2,6.8,0.294117647058824,2,0,0,0,1.33463311160449,0.846248690043732,0.756293773651123,1.00723262317479,1.59129854489584,0.6329626998061,-0.00796055332212714
5064,C19H25O10Cl,HCOCl,19,25,10,0,1,448.1136247,447.10634823312,2,6.8,0.294117647058824,2,0,0,0,0.328890574513935,0.221516448140032,0.205498799681664,1.31995779275894,1.63968735130038,0.805005778517549,-0.00794581485622366
5070,C20H29O9Cl,HCOCl,20,29,9,0,1,448.1500102,447.14273373312,2,6.8,0.294117647058824,2,0,0,0,0.531399138388224,0.353734546462797,0.319957792758942,1.21631459891796,1.62063914060127,0.750515379053908,-0.0302896359020731
5111,C18H23O11Cl,HCOCl,18,23,11,0,1,450.0928892,449.08561273312,2,6.8,0.294117647058824,2,0,0,0,1.06755945051555,0.619268029105837,0.48922011256218,1.00723262317479,1.59129854489584,0.6329626998061,-0.0150333940487106
5118,C19H27O10Cl,HCOCl,19,27,10,0,1,450.1292747,449.12199823312,2,6.8,0.294117647058824,2,0,0,0,1.23310814087745,0.747817705023454,0.640549421310425,1.00657511223108,1.60553413198795,0.626940961376354,-0.00776720868134588
5120,C23H27O7Cl,HCOCl,23,27,7,0,1,450.1445309,449.13725443312,2,6.7,0.298507462686567,2,0,0,0,1.76367112097796,1.01778387866573,0.751238286495209,1.24876169860363,1.66469898459036,0.750142644503937,0.0353766930512711
5152,C20H17O10Cl,HCOCl,20,17,10,0,1,452.0510244,451.04374793312,2,6.8,0.294117647058824,2,0,0,0,1.71563119196799,1.00339120978212,0.783685386180878,1.21631459891796,1.61978213640396,0.750912466301348,0.00393628292958338
5161,C21H21O9Cl,HCOCl,21,21,9,0,1,452.0874099,451.08013343312,2.1,6.8,0.308823529411765,2,1,0,0,1.89582058123779,1.10682201653167,0.77286970615387,1.22713029384613,1.63480787759181,0.750626609197517,0.034596876720571
5169,C22H25O8Cl,HCOCl,22,25,8,0,1,452.1237954,451.11651893312,2.1,6.7,0.313432835820896,2,1,0,0,1.80591965606436,1.04683310672944,0.762053966522217,1.23794600367546,1.64985684584826,0.750335404426546,-0.00974606711679236
5173,C23H29O7Cl,HCOCl,23,29,7,0,1,452.1601809,451.15290443312,2,6.8,0.294117647058824,2,0,0,0,1.64297642407473,0.951351814352363,0.751238286495209,1.24876169860363,1.66492901055608,0.75003900507839,0.109561774494285
5212,C20H19O10Cl,HCOCl,20,19,10,0,1,454.0666745,453.05939803312,2,6.8,0.294117647058824,2,0,0,0,1.6563271334162,0.973111177958721,0.783685386180878,1.21631459891796,1.62001216260251,0.750805843928964,0.0122708546671859
5220,C21H23O9Cl,HCOCl,21,23,9,0,1,454.10306,453.09578353312,2,6.8,0.294117647058824,2,0,0,0,1.64495947293472,0.962385526811037,0.77286970615387,1.22713029384613,1.63503790355753,0.750521006990803,0.0122837733883464
5226,C22H27O8Cl,HCOCl,22,27,8,0,1,454.1394455,453.13216903312,3,6.7,0.447761194029851,3,0,0,0,0.973508992698044,0.774001813418997,0.762053966522217,1.5579037964344,1.69354919111356,0.919904662119694,-0.0234174626698071
5228,C23H31O7Cl,HCOCl,23,31,7,0,1,454.175831,453.16855453312,2,6.8,0.294117647058824,2,0,0,0,1.18761523661669,0.820880663644457,0.751238286495209,1.24876169860363,1.66515903745312,0.749935393867017,0.0511995753172977
5262,C20H21O10Cl,HCOCl,20,21,10,0,1,456.0823245,455.07504803312,2,6.8,0.294117647058824,2,0,0,0,1.37573373818304,0.871291397085719,0.783685386180878,1.21631459891796,1.62024218949955,0.750699251507362,-0.0148054283812695
5269,C21H25O9Cl,HCOCl,21,25,9,0,1,456.1187101,455.11143363312,3,6.8,0.441176470588235,3,0,0,0,0.854525440256111,0.703949853716622,0.695926904678345,1.54708808660507,1.67832866928075,0.921802811881944,0.0205358508301277
5277,C22H29O8Cl,HCOCl,22,29,8,0,1,456.1550956,455.14781913312,3,6.8,0.441176470588235,3,0,0,0,0.410702177789062,0.320481026800863,0.310878306627274,1.5579037964344,1.69377921707928,0.919779733229234,-0.00981705621755228
5312,C19H19O11Cl,HCOCl,19,19,11,0,1,458.0615891,457.05431263312,2,6.8,0.294117647058824,2,0,0,0,0.76603395130951,0.494815047656125,0.371606290340424,1.20549879968166,1.60630189359654,0.750480843288139,-0.00967699400430824
5317,C20H23O10Cl,HCOCl,20,23,10,0,1,458.0979746,457.09069813312,3.1,6.8,0.455882352941177,3,1,0,0,0.716818993329071,0.503892876358938,0.46929931640625,1.5362723916769,1.66324835491832,0.923657845284533,0.0205735985766378
5324,C21H27O9Cl,HCOCl,21,27,9,0,1,458.1343601,457.12708363312,3,6.8,0.441176470588235,3,0,0,0,0.337233268539421,0.24255925220642,0.22987088561058,1.54708808660507,1.67855869524647,0.921676490066325,-0.0231644678095432
5330,C22H31O8Cl,HCOCl,22,31,8,0,1,458.1707456,457.16346913312,2,6.8,0.294117647058824,2,0,0,0,0.389033564832062,0.258308441471255,0.237946003675461,1.31995779275894,1.68739642901346,0.782245221136717,-0.00127547925092082
5368,C19H21O11Cl,HCOCl,19,21,11,0,1,460.0772392,459.06996273312,3,6.8,0.441176470588235,3,0,0,0,1.15831050474662,0.678580572254328,0.553581058979034,1.21273142285645,1.61293222068343,0.75187996575739,-0.014846279583472
5373,C20H25O10Cl,HCOCl,20,25,10,0,1,460.1136247,459.10634823312,3,6.8,0.441176470588235,3,0,0,0,0.20717518532183,0.129657695143854,0.107095584273338,1.5362723916769,1.6634783820482,0.923530121134085,-0.00137550380799282
5382,C21H36O2Cl4,HCOCl,21,36,2,0,4,460.1469411,459.13966463312,2.2,9.1,0.241758241758242,2,2,0,0,2.85444032773376,1.36588948619211,0.97659569978714,1.78135311603546,2.92292802035809,0.609441321725476,-0.581138843965566
5383,C21H29O9Cl,HCOCl,21,29,9,0,1,460.1500102,459.14273373312,3,6.8,0.441176470588235,3,0,0,0,0.196382873575203,0.109518506627574,0.0726720988750458,1.54708808660507,1.67878872121219,0.921550202867685,0.0121058780414301
5427,C19H23O11Cl,HCOCl,19,23,11,0,1,462.0928892,461.08561273312,2,6.8,0.294117647058824,2,0,0,0,1.13892433245201,0.668801836002826,0.546230494976044,1.00723262317479,1.6063267608406,0.627040928240338,-0.010707299443814
5433,C20H27O10Cl,HCOCl,20,27,10,0,1,462.1292747,461.12199823312,2.1,6.8,0.308823529411765,2,1,0,0,0.381636281847022,0.243525082916567,0.216314598917961,1.31995779275894,1.65679379494395,0.796694070672564,0.000411218416162849
5523,C21H19O10Cl,HCOCl,21,19,10,0,1,466.0666745,465.05939803312,2,6.8,0.294117647058824,2,0,0,0,1.88895302498713,1.10226341250858,0.77286970615387,1.22713029384613,1.63510811654851,0.750488778953918,-0.00134198457864462
5530,C22H23O9Cl,HCOCl,22,23,9,0,1,466.10306,465.09578353312,2,6.8,0.294117647058824,2,0,0,0,1.9119724627817,1.1145276253283,0.762053966522217,1.23794600367546,1.65016419778112,0.75019565043288,-0.00954365106355374
5537,C23H27O8Cl,HCOCl,23,27,8,0,1,466.1394455,465.13216903312,2,6.7,0.298507462686567,2,0,0,0,1.76904997217935,1.02087884636846,0.751238286495209,1.24876169860363,1.6652434746502,0.749897367930504,0.0334882529642645
5569,C20H17O11Cl,HCOCl,20,17,11,0,1,468.045939,467.03866253312,2,6.8,0.294117647058824,2,0,0,0,0.89855786296539,0.598171990582873,0.500591397285461,1.21631459891796,1.62042647134513,0.750613878770007,0.0120275395743195
5575,C21H21O10Cl,HCOCl,21,21,10,0,1,468.0823245,467.07504803312,2,6.8,0.294117647058824,2,0,0,0,1.76500486815348,1.02631623671455,0.77286970615387,1.22713029384613,1.63533814344555,0.750383215094981,-0.00119874217693504
5581,C22H25O9Cl,HCOCl,22,25,9,0,1,468.1187101,467.11143363312,2.1,6.8,0.308823529411765,2,1,0,0,1.56093466246966,0.918266753814943,0.762053966522217,1.23794600367546,1.650394224911,0.750091090352804,0.0200082888990381
5589,C23H29O8Cl,HCOCl,23,29,8,0,1,468.1550956,467.14781913312,2,6.8,0.294117647058824,2,0,0,0,1.30624136317056,0.833120043527666,0.751238286495209,1.24876169860363,1.66547350061592,0.749793796263837,-0.0227915130970275
5613,C20H19O11Cl,HCOCl,20,19,11,0,1,470.0615891,469.05431263312,2,6.8,0.294117647058824,2,0,0,0,0.930855116574094,0.625450475684102,0.532888650894165,1.21631459891796,1.62065649754368,0.750507341167884,0.0503613904662324
5620,C21H23O10Cl,HCOCl,21,23,10,0,1,470.0979746,469.09069813312,2,6.8,0.294117647058824,2,0,0,0,1.5608671256341,0.924149719648136,0.77286970615387,1.22713029384613,1.63556816941127,0.750277681356345,-0.00941526201140915
5626,C22H27O9Cl,HCOCl,22,27,9,0,1,470.1343601,469.12708363312,2,6.8,0.294117647058824,2,0,0,0,0.917988001951016,0.608464970305607,0.51184344291687,1.23794600367546,1.65062425087672,0.749986559944175,0.00688063431409789
5631,C23H31O8Cl,HCOCl,23,31,8,0,1,470.1707456,469.16346913312,2,6.8,0.294117647058824,2,0,0,0,0.71421000349801,0.448489816178281,0.319957792758942,1.24876169860363,1.66570352751296,0.749690252783543,0.0200710438513396
5656,C20H21O11Cl,HCOCl,20,21,11,0,1,472.0772392,471.06996273312,3,6.8,0.441176470588235,3,0,0,0,1.81503266538493,1.05905554282496,0.719876050949097,1.22354722209275,1.62799796857871,0.751565570539956,-0.0519404534682895
5662,C21H25O10Cl,HCOCl,21,25,10,0,1,472.1136247,471.10634823312,3.1,6.8,0.455882352941177,3,1,0,0,0.743397498968989,0.519404616396443,0.481896877288818,1.54708808660507,1.68091393564828,0.920385067786595,-0.014453596364583
5668,C22H29O9Cl,HCOCl,22,29,9,0,1,472.1500102,471.14273373312,3,6.8,0.441176470588235,3,0,0,0,0.284392743953504,0.188484993836838,0.169852077960968,1.5579037964344,1.69637158547994,0.918374140294056,0.00677521192353765
5714,C20H23O11Cl,HCOCl,20,23,11,0,1,474.0928892,473.08561273312,4,6.8,0.588235294117647,4,0,0,0,0.985802490962669,0.666787547452754,0.626997530460358,1.54350501485169,1.67305912333541,0.922564536616352,-0.00121247095101314
5719,C21H27O10Cl,HCOCl,21,27,10,0,1,474.1292747,473.12199823312,3,6.8,0.441176470588235,3,0,0,0,0.438200736884028,0.267663935549704,0.215958088636398,1.54708808660507,1.681143961614,0.920259134214643,0.00686924705201721
5766,C20H25O11Cl,HCOCl,20,25,11,0,1,476.1085393,475.10126283312,3,6.8,0.441176470588235,3,0,0,0,0.838346947683021,0.513744722615613,0.449419975280762,1.32719041593373,1.66622363752685,0.796525980092116,0.0105898274431337
5772,C21H29O10Cl,HCOCl,21,29,10,0,1,476.1449248,475.13764833312,2.1,6.8,0.308823529411765,2,1,0,0,0.353457773569971,0.242685141394545,0.22713029384613,1.31995779275894,1.67422934854403,0.788397237156799,-0.02231522951431
5822,C20H27O11Cl,HCOCl,20,27,11,0,1,478.1241894,477.11691293312,3,6.8,0.441176470588235,3,0,0,0,0.801720400108024,0.48578215491454,0.418525487184525,1.32719041593373,1.66622363752685,0.796525980092116,-0.00747473872826731
5855,C21H17O11Cl,HCOCl,21,17,11,0,1,480.045939,479.03866253312,2,6.8,0.294117647058824,2,0,0,0,1.28112849243917,0.84635042368426,0.77286970615387,1.22713029384613,1.63540835725144,0.750350998516675,-0.0220564778603277
5862,C22H21O10Cl,HCOCl,22,21,10,0,1,480.0823245,479.07504803312,2.1,6.8,0.308823529411765,2,1,0,0,1.94370256806724,1.13584176230827,0.775347590446472,1.23794600367546,1.65047154878266,0.75005594891262,-0.00914431228014356
5868,C23H25O9Cl,HCOCl,23,25,9,0,1,480.1187101,479.11143363312,2.1,6.8,0.308823529411765,2,1,0,0,1.91415623703506,1.11323978487891,0.752425372600555,1.24876169860363,1.66555793874431,0.749755784265955,-0.00136419739442263
5874,C24H29O8Cl,HCOCl,24,29,8,0,1,480.1550956,479.14781913312,2,6.8,0.294117647058824,2,0,0,0,1.82064255897421,1.04905298939376,0.740422487258911,1.25957751274109,1.68066763191018,0.749450687825469,-0.0430904782163194
5909,C21H19O11Cl,HCOCl,21,19,11,0,1,482.0615891,481.05431263312,2,6.8,0.294117647058824,2,0,0,0,1.71305313357152,0.997268728175035,0.77286970615387,1.22713029384613,1.63563838344999,0.750245473732277,0.011602693932336
5918,C22H23O10Cl,HCOCl,22,23,10,0,1,482.0979746,481.09069813312,2,6.8,0.294117647058824,2,0,0,0,1.68378387833945,0.977056587249933,0.762053966522217,1.23794600367546,1.65070157474838,0.749951428297488,-0.00918041410315538
5924,C23H27O9Cl,HCOCl,23,27,9,0,1,482.1343601,481.12708363312,2,6.8,0.294117647058824,2,0,0,0,1.4850973872235,0.881887059302274,0.751238286495209,1.24876169860363,1.66578796471003,0.749652251702397,0.040342779052194
5929,C24H31O8Cl,HCOCl,24,31,8,0,1,482.1707456,481.16346913312,2,6.8,0.294117647058824,2,0,0,0,1.13941570941824,0.796606390007191,0.724708378314972,1.25957751274109,1.68089765880723,0.749348127258915,-0.0219942000580392
5961,C21H21O11Cl,HCOCl,21,21,11,0,1,484.0772392,483.06996273312,2.1,6.8,0.308823529411765,2,1,0,0,1.38847800740041,0.866382210755353,0.77286970615387,1.22713029384613,1.63586841034703,0.750139978304129,0.0272723740124552
5968,C22H25O10Cl,HCOCl,22,25,10,0,1,484.1136247,483.10634823312,3.1,6.8,0.455882352941177,3,1,0,0,0.952540595782921,0.77159593762083,0.762053966522217,1.5579037964344,1.69850391102955,0.91722120056237,0.0193915906623252
5973,C23H29O9Cl,HCOCl,23,29,9,0,1,484.1500102,483.14273373312,3,6.8,0.441176470588235,3,0,0,0,0.715310910134576,0.570517480013376,0.561276257038116,1.56871949136257,1.71410886023659,0.915180784460823,0.0115045214386941
5977,C24H33O8Cl,HCOCl,24,33,8,0,1,484.1863957,483.17911923312,2,6.8,0.294117647058824,2,0,0,0,0.844036130351014,0.541943470173671,0.429328799247742,1.25957751274109,1.6811276859371,0.749245594655097,-0.00128089674525365
6004,C20H19O12Cl,HCOCl,20,19,12,0,1,486.0565037,485.04922723312,2,6.8,0.294117647058824,2,0,0,0,0.806915269116871,0.523272443414291,0.408149063587189,1.21631459891796,1.62183716369327,0.749960986310211,-0.0248460864386137
6010,C21H23O11Cl,HCOCl,21,23,11,0,1,486.0928892,485.08561273312,2.1,6.8,0.308823529411765,2,1,0,0,1.00255372771062,0.684269072919707,0.600421071052551,1.22713029384613,1.63609843631275,0.750034512967139,-0.0296833160032122
6016,C22H27O10Cl,HCOCl,22,27,10,0,1,486.1292747,485.12199823312,3.1,6.8,0.455882352941177,3,1,0,0,0.702116031898186,0.56387517945673,0.555367469787598,1.5579037964344,1.69873393699527,0.917096999421836,-0.021782161449555
6021,C23H31O9Cl,HCOCl,23,31,9,0,1,486.1656603,485.15838383312,3,6.8,0.441176470588235,3,0,0,0,0.375022405176423,0.243982655386094,0.221723392605782,1.56871949136257,1.71433888713364,0.915057987155306,0.0398599802625461
6062,C21H25O11Cl,HCOCl,21,25,11,0,1,488.1085393,487.10126283312,3.1,6.8,0.455882352941177,3,1,0,0,0.403509076917544,0.317785279503423,0.309014558792114,1.54708808660507,1.68349919188768,0.918971683538708,0.0114434644080731
6068,C22H29O10Cl,HCOCl,22,29,10,0,1,488.1449248,487.13764833312,3.1,6.8,0.455882352941177,3,1,0,0,0.317289908183739,0.183344649056008,0.138643234968185,1.5579037964344,1.69896396296099,0.91697283191296,-0.0217655229681458
6107,C20H23O12Cl,HCOCl,20,23,12,0,1,490.0878039,489.08052743312,3,6.8,0.441176470588235,3,0,0,0,1.02187422092538,0.588093831825089,0.456227332353592,1.22420473303646,1.62940866069403,0.751318415427487,-0.0277461272977536
6113,C21H27O11Cl,HCOCl,21,27,11,0,1,490.1241894,489.11691293312,3.1,6.8,0.455882352941177,3,1,0,0,0.296034779632464,0.20924247951556,0.195158839225769,1.54708808660507,1.6837292178534,0.918846136421787,-0.00729135316940746
6119,C22H31O10Cl,HCOCl,22,31,10,0,1,490.1605749,489.15329843312,2.1,6.8,0.308823529411765,2,1,0,0,0.55187736894004,0.359776112412371,0.319957792758942,1.23794600367546,1.65162168070674,0.749533636023557,-0.0277162406765493
6149,C22H17O11Cl,HCOCl,22,17,11,0,1,492.045939,491.03866253312,2,6.8,0.294117647058824,2,0,0,0,1.70279017998837,0.987130649997562,0.762053966522217,1.23794600367546,1.65054887346923,0.750020810394704,0.0599401001607923
6200,C22H19O11Cl,HCOCl,22,19,11,0,1,494.0615891,493.05431263312,2.1,6.8,0.308823529411765,2,1,0,0,1.77055839612149,1.02539440555818,0.762053966522217,1.23794600367546,1.65077889966778,0.749916299466025,0.0190601730534765
6205,C23H23O10Cl,HCOCl,23,23,10,0,1,494.0979746,493.09069813312,3.1,6.8,0.455882352941177,3,1,0,0,2.10356980818324,1.14756910950345,0.78501296043396,1.25823114719242,1.67244751169346,0.752329229105897,-0.0214877418429521
6210,C24H27O9Cl,HCOCl,24,27,9,0,1,494.1343601,493.12708363312,2.1,6.8,0.308823529411765,2,1,0,0,1.83889662753791,1.06061733746076,0.740422487258911,1.25957751274109,1.6809892070014,0.749307317081446,0.0227387135154935
6238,C21H17O12Cl,HCOCl,21,17,12,0,1,496.0408537,495.03357723312,2,6.9,0.289855072463768,2,0,0,0,0.8166241197614,0.560468863193469,0.507139503955841,1.31995779275894,1.67970636521932,0.785826511163215,0.066981537952075
6245,C22H21O11Cl,HCOCl,22,21,11,0,1,496.0772392,495.06996273312,2.2,6.8,0.323529411764706,2,2,0,0,1.7395501525607,1.00750104723069,0.762053966522217,1.23794600367546,1.65100892656483,0.749811817342014,-0.00900622571318479
6251,C23H25O10Cl,HCOCl,23,25,10,0,1,496.1136247,495.10634823312,3.1,6.8,0.455882352941177,3,1,0,0,1.58482662006281,0.974139428624059,0.751238286495209,1.59831542149186,1.71624829666689,0.931284491058744,0.0112138047614207
6256,C24H29O9Cl,HCOCl,24,29,9,0,1,496.1500102,495.14273373312,3,6.8,0.441176470588235,3,0,0,0,1.14355551730841,0.796597517532524,0.740422487258911,1.57953530550003,1.73200064129196,0.911971547725178,-0.00126267141081176
6257,C25H33O8Cl,HCOCl,25,33,8,0,1,496.1863957,495.17911923312,2,6.9,0.289855072463768,2,0,0,0,1.03915010334458,0.703149575120327,0.620027005672455,1.2703931927681,1.69635913253296,0.748894009767364,0.0112376021827326
6279,C21H19O12Cl,HCOCl,21,19,12,0,1,498.0565037,497.04922723312,2,6.9,0.289855072463768,2,0,0,0,1.01464678335469,0.694747029727585,0.612334668636322,1.22713029384613,1.63619876781013,0.749988520947555,-0.0585839825789054
6287,C22H23O11Cl,HCOCl,22,23,11,0,1,498.0928892,497.08561273312,3.1,6.8,0.455882352941177,3,1,0,0,1.34696091129445,0.890985595258928,0.762053966522217,1.5579037964344,1.70086625101976,0.915947268340679,-0.0384943198047888
6292,C23H27O10Cl,HCOCl,23,27,10,0,1,498.1292747,497.12199823312,3,6.8,0.441176470588235,3,0,0,0,0.971849487861618,0.765366429619969,0.751238286495209,1.56871949136257,1.71647832263261,0.913917449861285,-0.0212563629631329
6300,C24H31O9Cl,HCOCl,24,31,9,0,1,498.1656603,497.15838383312,3,6.8,0.441176470588235,3,0,0,0,0.724764163605869,0.527701105300687,0.506115257740021,1.57953530550003,1.732230668189,0.911850444924513,-0.00132956132461885
6328,C20H17O13Cl,HCOCl,20,17,13,0,1,500.0357683,499.02849183312,2,6.9,0.289855072463768,2,0,0,0,0.416477943887003,0.25727859726275,0.216314598917961,1.31995779275894,1.66589286003727,0.792342547605017,-0.0365921972048914
6334,C21H21O12Cl,HCOCl,21,21,12,0,1,500.0721538,499.06487733312,4,6.9,0.579710144927536,4,0,0,0,1.09867005131673,0.678854945749588,0.476530015468597,1.55497822072357,1.69455276837107,0.917633401418554,0.0312028844327409
6339,C22H25O11Cl,HCOCl,22,25,11,0,1,500.1085393,499.10126283312,3.1,6.8,0.455882352941177,3,1,0,0,0.86633557989262,0.651121563315099,0.628678679466248,1.5579037964344,1.70109627814963,0.915823411317442,0.011168326595436
6344,C23H29O10Cl,HCOCl,23,29,10,0,1,500.1449248,499.13764833312,3.1,6.8,0.455882352941177,3,1,0,0,0.404801355442032,0.293644265036044,0.280479967594147,1.56871949136257,1.71670834859833,0.913794991818738,-0.00366244303733975
6348,C24H33O9Cl,HCOCl,24,33,9,0,1,500.1813103,499.17403383312,3,6.8,0.441176470588235,3,0,0,0,0.208995874039829,0.135908007636471,0.106824100017548,1.57953530550003,1.73246069531888,0.911729374160088,-0.00885004328673361
6378,C21H23O12Cl,HCOCl,21,23,12,0,1,502.0878039,501.08052743312,4,6.9,0.579710144927536,4,0,0,0,1.08914659998845,0.674309428210211,0.59840977191925,1.55497822072357,1.69478279433679,0.917508854774556,0.0310059220283389
6386,C22H27O11Cl,HCOCl,22,27,11,0,1,502.1241894,501.11691293312,3.1,6.8,0.455882352941177,3,1,0,0,0.37845374061726,0.289591404503239,0.278963297605515,1.5579037964344,1.70132630411536,0.91569958841286,-0.0270671180054738
6391,C23H31O10Cl,HCOCl,23,31,10,0,1,502.1605749,501.15329843312,3,6.8,0.441176470588235,3,0,0,0,0.259570093592629,0.162068836330093,0.137256518006325,1.56871949136257,1.71693837549537,0.913672566093097,0.00634215482061245
6421,C20H21O13Cl,HCOCl,20,21,13,0,1,504.0670684,503.05979193312,2.1,6.9,0.304347826086957,2,1,0,0,1.17841799475718,0.692890204390873,0.571085095405579,1.00854764506221,1.6229919885518,0.621412583781227,-0.047851409228592
6428,C21H25O12Cl,HCOCl,21,25,12,0,1,504.1034539,503.09617743312,4,6.9,0.579710144927536,4,0,0,0,0.925278709153645,0.685672171864943,0.66935408115387,1.55497822072357,1.69501282146666,0.917384341304319,-0.00116737620994092
6434,C22H29O11Cl,HCOCl,22,29,11,0,1,504.1398394,503.13256293312,3.1,6.8,0.455882352941177,3,1,0,0,0.242174038430676,0.140302631099009,0.106937646865845,1.5579037964344,1.70155633008108,0.915575798986432,-0.0409276513221342
6438,C23H33O10Cl,HCOCl,23,33,10,0,1,504.1762249,503.16894843312,3,6.8,0.441176470588235,3,0,0,0,0.310428263386711,0.176697106261981,0.127945557236671,1.56871949136257,1.71716840262525,0.913550173043177,0.0234340605940984
6468,C21H27O12Cl,HCOCl,21,27,12,0,1,506.119104,505.11182753312,3,6.9,0.434782608695652,3,0,0,0,0.898033098201267,0.513549563526884,0.418616622686386,1.32784792687744,1.6875663822284,0.786841893072107,0.0127758681746239
6495,C22H17O12Cl,HCOCl,22,17,12,0,1,508.0408537,507.03357723312,2.1,6.9,0.304347826086957,2,1,0,0,1.28044155135285,0.837536299651774,0.762053966522217,1.23794600367546,1.65108625183348,0.749776701429597,0.030656478094187
6499,C23H21O11Cl,HCOCl,23,21,11,0,1,508.0772392,507.06996273312,2.1,6.9,0.304347826086957,2,1,0,0,1.8440912917722,1.0669251943224,0.751238286495209,1.24876169860363,1.66618686332367,0.749472778889054,0.0109368062000337
6505,C24H25O10Cl,HCOCl,24,25,10,0,1,508.1136247,507.10634823312,2.1,6.8,0.308823529411765,2,1,0,0,1.94152941543143,1.12937752020096,0.786058247089386,1.25957751274109,1.68131078092847,0.749164001699622,-0.00811852082451484
6509,C21H29O12Cl,HCOCl,21,29,12,0,1,508.134754,507.12747753312,2,6.9,0.289855072463768,2,0,0,0,1.25941197655629,0.752403219453371,0.637859702110291,1.0078901341185,1.63730242557358,0.615579698885142,-0.00686222774669169
6512,C25H29O9Cl,HCOCl,25,29,9,0,1,508.1500102,507.14273373312,2.1,6.8,0.308823529411765,2,1,0,0,1.66216352651827,0.951705847127208,0.729606807231903,1.2703931927681,1.69645779160783,0.748850457142276,0.0184849350761929
6532,C22H19O12Cl,HCOCl,22,19,12,0,1,510.0565037,509.04922723312,2,6.9,0.289855072463768,2,0,0,0,1.29170313372742,0.839113444803311,0.762053966522217,1.23794600367546,1.65131627803203,0.749672258515368,0.0259942732731254
6537,C23H23O11Cl,HCOCl,23,23,11,0,1,510.0928892,509.08561273312,2.2,6.9,0.318840579710145,2,2,0,0,1.82525586639531,1.05498406095095,0.751238286495209,1.24876169860363,1.66641688928939,0.749369324464862,0.0185157472201754
6544,C24H27O10Cl,HCOCl,24,27,10,0,1,510.1292747,509.12199823312,3.1,6.8,0.455882352941177,3,1,0,0,1.42697111505549,0.901975339090163,0.740422487258911,1.61182177439332,1.73437721573282,0.929337493465793,0.018526798222204
6548,C25H31O9Cl,HCOCl,25,31,9,0,1,510.1656603,509.15838383312,3,6.8,0.441176470588235,3,0,0,0,0.907141805393621,0.720225024611234,0.707907021045685,1.59035098552704,1.75027674715966,0.908628300129024,0.0183414450566761
6552,C26H35O8Cl,HCOCl,26,35,8,0,1,510.2020458,509.19476933312,2,7,0.285714285714286,2,0,0,0,1.07443418889306,0.730913594849967,0.650857925415039,1.28120890259743,1.71185803413391,0.748431749041407,-0.0723049444892877
6562,C21H17O13Cl,HCOCl,21,17,13,0,1,512.0357683,511.02849183312,2,6.9,0.289855072463768,2,0,0,0,0.758948144968599,0.508172264703023,0.448656678199768,1.31995779275894,1.68265473481733,0.784449575689236,0.0108830057113651
6567,C22H21O12Cl,HCOCl,22,21,12,0,1,512.0721538,511.06487733312,2.1,6.9,0.304347826086957,2,1,0,0,1.51492413773667,0.899370388039656,0.762053966522217,1.23794600367546,1.65154630492907,0.749567844377592,0.0379280683567331
6574,C23H32O4Cl4,HCOCl,23,32,4,0,4,512.1054702,511.09819373312,2.4,9.3,0.258064516129032,2,4,0,0,2.78835094720125,1.36798814941997,1,1.03011481463909,2.95868052844889,0.348166963189884,-0.54160342404995
6575,C23H25O11Cl,HCOCl,23,25,11,0,1,512.1085393,511.10126283312,2.1,6.9,0.304347826086957,2,1,0,0,1.62198829208501,0.940582707123222,0.751238286495209,1.24876169860363,1.66664691641927,0.749265898074291,-0.00866816821133109
6580,C24H29O10Cl,HCOCl,24,29,10,0,1,512.1449248,511.13764833312,3,6.8,0.441176470588235,3,0,0,0,0.80023574072402,0.673201002927945,0.666879117488861,1.57953530550003,1.73460724169854,0.910601124870975,0.0109176577751003
6585,C25H33O9Cl,HCOCl,25,33,9,0,1,512.1813103,511.17403383312,3,6.9,0.434782608695652,3,0,0,0,0.462631047470495,0.335369329226581,0.321053683757782,1.59035098552704,1.75153303425759,0.907976586465655,0.0258531613523901
6604,C20H15O14Cl,HCOCl,20,15,14,0,1,514.0150328,513.00775633312,2,6.9,0.289855072463768,2,0,0,0,0.798746129032224,0.5510886257997,0.502023637294769,1.31995779275894,1.66882999136578,0.790948029210979,-0.0299655320515626
6610,C21H19O13Cl,HCOCl,21,19,13,0,1,514.0514183,513.04414183312,2,6.9,0.289855072463768,2,0,0,0,0.51595371728763,0.315028882816491,0.22713029384613,1.31995779275894,1.68265473481733,0.784449575689236,-0.0067809456483396
6618,C22H23O12Cl,HCOCl,22,23,12,0,1,514.0878039,513.08052743312,3.1,6.9,0.449275362318841,3,1,0,0,1.29478171363007,0.86677021505357,0.762053966522217,1.5579037964344,1.70454629755113,0.913969775225579,-0.0236282115114335
6624,C23H27O11Cl,HCOCl,23,27,11,0,1,514.1241894,513.11691293312,3.2,6.9,0.463768115942029,3,2,0,0,0.675569321261719,0.571265084285431,0.56527715921402,1.59831542149186,1.72012015874498,0.929188239185578,0.00618200603304719
6629,C24H31O10Cl,HCOCl,24,31,10,0,1,514.1605749,513.15329843312,3,6.8,0.441176470588235,3,0,0,0,0.356230430188589,0.224461239359038,0.198681265115738,1.57953530550003,1.73483726859558,0.910480385735962,0.010805008747598
6632,C25H35O9Cl,HCOCl,25,35,9,0,1,514.1969604,513.18968393312,3,6.9,0.434782608695652,3,0,0,0,0.497358263237402,0.337551708287017,0.315454423427582,1.59035098552704,1.75182525825221,0.907825125842589,-0.0327466711856544
6649,C21H21O13Cl,HCOCl,21,21,13,0,1,516.0670684,515.05979193312,3,6.9,0.434782608695652,3,0,0,0,1.37612305721268,0.843109982491712,0.737204909324646,1.23567793890834,1.6454765885137,0.750954433222584,-0.0400043538827991
6653,C22H25O12Cl,HCOCl,22,25,12,0,1,516.1034539,515.09617743312,3.1,6.9,0.449275362318841,3,1,0,0,0.656122474814765,0.465861874703662,0.441268891096115,1.5579037964344,1.70477632468101,0.913846452393638,0.0108644291917183
6658,C23H29O11Cl,HCOCl,23,29,11,0,1,516.1398394,515.13256293312,3.2,6.9,0.463768115942029,3,2,0,0,0.430034931050614,0.303601142630892,0.288385689258575,1.59831542149186,1.7203501847107,0.929063998537393,-0.0131202752668902
6661,C24H33O10Cl,HCOCl,24,33,10,0,1,516.1762249,515.16894843312,3,6.8,0.441176470588235,3,0,0,0,0.284559123101644,0.158929701970575,0.107021868228912,1.57953530550003,1.73506729572546,0.910359678492818,0.030307074524792
6686,C22H27O12Cl,HCOCl,22,27,12,0,1,518.119104,517.11182753312,3.1,6.9,0.449275362318841,3,1,0,0,0.23675072088372,0.149788940646245,0.126516073942184,1.5579037964344,1.70500635064673,0.913723163461223,-0.00964294654922979
6689,C23H31O11Cl,HCOCl,23,31,11,0,1,518.1554895,517.14821303312,3,6.9,0.434782608695652,3,0,0,0,0.341883282409981,0.198133742035067,0.151231497526169,1.56871949136257,1.72058021160774,0.911738656982887,0.00618873229375449
6692,C24H35O10Cl,HCOCl,24,35,10,0,1,518.191875,517.18459853312,2,6.9,0.289855072463768,2,0,0,0,0.586325012031011,0.372446153453534,0.319957792758942,1.25957751274109,1.68246091285255,0.748651872455999,-0.0205153165952303
6702,C23H17O12Cl,HCOCl,23,17,12,0,1,520.0408537,519.03357723312,2,6.9,0.289855072463768,2,0,0,0,1.59139740816317,0.925933300064368,0.751238286495209,1.24876169860363,1.66627129958943,0.749434800270117,-0.0190468280808498
6707,C21H32O6Cl4,HCOCl,21,32,6,0,4,520.0952995,519.08802303312,4.3,9.3,0.46236559139785,4,3,1,1,2.62525453791022,1.34230360699254,0.97425764799118,2.12493199016899,2.95521251601167,0.719045408293268,-0.584934503979431
6712,C22H29O12Cl,HCOCl,22,29,12,0,1,520.134754,519.12747753312,3.1,6.9,0.449275362318841,3,1,0,0,0.385887919808738,0.225690560745119,0.161697536706924,1.5579037964344,1.70523637661245,0.913599907790655,-0.00948183646435142
6737,C23H19O12Cl,HCOCl,23,19,12,0,1,522.0565037,521.04922723312,2.1,6.9,0.304347826086957,2,1,0,0,1.70465386263095,0.983561574950857,0.751238286495209,1.24876169860363,1.66650132578798,0.749331356225099,0.0637604060903267
6740,C24H23O11Cl,HCOCl,24,23,11,0,1,522.0928892,521.08561273312,2.2,6.9,0.318840579710145,2,2,0,0,1.93930308974814,1.12771076788328,0.783661246299744,1.25957751274109,1.68163235473912,0.749020741181262,-0.0179557035841042
6746,C25H27O10Cl,HCOCl,25,27,10,0,1,522.1292747,521.12199823312,2.1,6.9,0.304347826086957,2,1,0,0,1.89447672863025,1.09449585807614,0.745391249656677,1.2703931927681,1.69678647757974,0.748705396674402,-0.0269740591911661
6751,C27H35O8Cl,HCOCl,27,35,8,0,1,522.2020458,521.19476933312,2,7,0.285714285714286,2,0,0,0,1.1574001731351,0.782919722147041,0.707975268363953,1.29202470183372,1.72716446151026,0.748061189670358,0.0563021895554999
6765,C22H17O13Cl,HCOCl,22,17,13,0,1,524.0357683,523.02849183312,2,6.9,0.289855072463768,2,0,0,0,0.684122074162588,0.430316201795948,0.319957792758942,1.23794600367546,1.65162362949923,0.749532751629865,0.0179296169407853
6770,C23H21O12Cl,HCOCl,23,21,12,0,1,524.0721538,523.06487733312,2.1,6.9,0.304347826086957,2,1,0,0,1.77311766496859,1.02291476703108,0.751238286495209,1.24876169860363,1.66673135268502,0.749227940418795,-0.0202946253120223
6775,C24H25O11Cl,HCOCl,24,25,11,0,1,524.1085393,523.10126283312,3.1,6.9,0.449275362318841,3,1,0,0,1.65397543169092,1.0122111394414,0.740422487258911,1.61182177439332,1.73784145701211,0.927484937069313,-0.00116497996551519
6780,C25H29O10Cl,HCOCl,25,29,10,0,1,524.1449248,523.13764833312,3.1,6.9,0.449275362318841,3,1,0,0,1.25894396204967,0.825230590060534,0.729606807231903,1.62544497475028,1.75369042973034,0.92687109833873,0.00614406514798427
6785,C26H33O9Cl,HCOCl,26,33,9,0,1,524.1813103,523.17403383312,2,7,0.285714285714286,2,0,0,0,1.26985010737553,0.802174946273511,0.718791127204895,1.28120890259743,1.71219383226708,0.74828496543584,0.0106785229620329
6796,C22H19O13Cl,HCOCl,22,19,13,0,1,526.0514183,525.04414183312,2,6.9,0.289855072463768,2,0,0,0,0.809618521248922,0.520129502584003,0.402848154306412,1.23794600367546,1.65185365569778,0.749428376663625,-0.027394172171244
6799,C23H23O12Cl,HCOCl,23,23,12,0,1,526.0878039,525.08052743312,3.2,6.9,0.463768115942029,3,2,0,0,1.37351587763987,0.89435281700225,0.751238286495209,1.56871949136257,1.7223543463042,0.910799508085374,-0.0130059690239287
6805,C24H34O4Cl4,HCOCl,24,34,4,0,4,526.1211203,525.11384383312,2.4,9.3,0.258064516129032,2,4,0,0,2.77707338519394,1.36486148610853,1,1.04093062877655,2.98479488771409,0.34874444239408,-0.459799191579308
6806,C24H27O11Cl,HCOCl,24,27,11,0,1,526.1241894,525.11691293312,3.2,6.9,0.463768115942029,3,2,0,0,1.32903431809973,0.856580697604254,0.740422487258911,1.61182177439332,1.73807148297783,0.927362188597556,-0.00122868391365385
6810,C25H38O3Cl4,HCOCl,25,38,3,0,4,526.1575058,525.15022933312,3.4,9.3,0.365591397849463,3,4,0,0,2.81325474753976,1.3530235329809,1,1.531682908535,3.0506842895411,0.502078472618814,-0.489066064768814
6811,C25H31O10Cl,HCOCl,25,31,10,0,1,526.1605749,525.15329843312,3,6.9,0.434782608695652,3,0,0,0,0.91647906799335,0.683070183504667,0.658739507198334,1.59035098552704,1.75392045662738,0.906740656064373,-0.00849239998175929
6814,C26H35O9Cl,HCOCl,26,35,9,0,1,526.1969604,525.18968393312,3,7,0.428571428571429,3,0,0,0,0.612644160632044,0.391926006811668,0.281208902597427,1.409932769835,1.77239399368409,0.795496246804761,-0.0129672788731065
6825,C16H30O6Cl6,HCOCl,16,30,6,0,6,528.0173548,527.01007833312,2,9.3,0.21505376344086,2,0,0,0,3.19889989495277,1.44082026104352,1,0.611045069992542,3.14554504305124,0.194257294564066,0.508316426762421
6834,C22H21O13Cl,HCOCl,22,21,13,0,1,528.0670684,527.05979193312,3,6.9,0.434782608695652,3,0,0,0,0.726505387341604,0.471954780690349,0.398149639368057,1.5579037964344,1.70699928794056,0.912656383304039,-0.0463389314565923
6841,C23H25O12Cl,HCOCl,23,25,12,0,1,528.1034539,527.09617743312,3.1,6.9,0.449275362318841,3,1,0,0,1.22770437947474,0.804120818566638,0.751238286495209,1.56871949136257,1.72258437343407,0.910677883507811,-0.0128344337719882
6845,C24H29O11Cl,HCOCl,24,29,11,0,1,528.1398394,527.13256293312,3.1,6.9,0.449275362318841,3,1,0,0,0.999042202602141,0.755262050892044,0.740422487258911,1.57953530550003,1.73830150894355,0.908665900232688,-0.00835067355144401
6848,C25H33O10Cl,HCOCl,25,33,10,0,1,528.1762249,527.16894843312,3,6.9,0.434782608695652,3,0,0,0,0.278182314825244,0.158955347546847,0.118424206972122,1.59035098552704,1.75415048375726,0.906621752382742,0.01787851980464
6852,C26H37O9Cl,HCOCl,26,37,9,0,1,528.2126104,527.20533393312,2,7,0.285714285714286,2,0,0,0,0.658138992730528,0.406881055116025,0.319957792758942,1.28120890259743,1.71265388419852,0.748083961633033,-0.00832562102330504
6866,C22H30O6Cl4,HCOCl,22,30,6,0,4,530.0796494,529.07237293312,3.5,9.3,0.376344086021506,3,5,0,1,2.72018446587026,1.34924477825312,0.976446509361267,2.02158467378467,2.9648632586468,0.681847524633345,-0.50343740854418
6873,C24H31O11Cl,HCOCl,24,31,11,0,1,530.1554895,529.14821303312,3,6.9,0.434782608695652,3,0,0,0,0.386506308685057,0.29954824753885,0.287589311599731,1.57953530550003,1.73853153584059,0.908545673712104,-0.00116565185251537
6877,C25H35O10Cl,HCOCl,25,35,10,0,1,530.191875,529.18459853312,3,6.9,0.434782608695652,3,0,0,0,0.306965040159412,0.170936075530761,0.110378503799438,1.59035098552704,1.75443897070363,0.906472674218594,0.0294367294223788
6901,C23H29O12Cl,HCOCl,23,29,12,0,1,532.134754,531.12747753312,3.1,6.9,0.449275362318841,3,1,0,0,0.532116699730977,0.322712919661756,0.235281348228455,1.56871949136257,1.72304442536552,0.910434733004516,-0.00926760888985739
6905,C24H33O11Cl,HCOCl,24,33,11,0,1,532.1711396,531.16386313312,3.1,6.9,0.449275362318841,3,1,0,0,0.352076281677,0.207909130269466,0.168663591146469,1.57953530550003,1.73876156297047,0.908425478880257,0.00595803306872144
6931,C24H19O12Cl,HCOCl,24,19,12,0,1,534.0565037,533.04922723312,2,6.9,0.289855072463768,2,0,0,0,1.8368676470127,1.05898224026401,0.740422487258911,1.25957751274109,1.68172390316613,0.748979966550824,0.0364309759686073
6938,C22H27O13Cl,HCOCl,22,27,13,0,1,534.1140186,533.10674213312,2.1,6.9,0.304347826086957,2,1,0,0,0.452955711400136,0.280941062495863,0.237946003675461,1.31995779275894,1.69963197596371,0.776613885491599,-0.0816196577097589
6945,C24H35O11Cl,HCOCl,24,35,11,0,1,534.1867896,533.17951313312,2,6.9,0.289855072463768,2,0,0,0,0.540219892631285,0.329779790912182,0.259577512741089,1.31995779275894,1.73077594407368,0.762639322136746,0.00947568333315963
6966,C23H17O13Cl,HCOCl,23,17,13,0,1,536.0357683,535.02849183312,2,6.9,0.289855072463768,2,0,0,0,1.28005988639779,0.828859808766715,0.751238286495209,1.24876169860363,1.66681578941643,0.749189986399657,0.0175274789371335
6968,C24H21O12Cl,HCOCl,24,21,12,0,1,536.0721538,535.06487733312,2.1,6.9,0.304347826086957,2,1,0,0,1.90717525943182,1.10551040953507,0.7513627409935,1.25957751274109,1.68195393006317,0.748877534769207,0.0736043635711269
6989,C23H19O13Cl,HCOCl,23,19,13,0,1,538.0514183,537.04414183312,2,6.9,0.289855072463768,2,0,0,0,1.08270670217462,0.748194445178786,0.671559870243073,1.24876169860363,1.66704581561498,0.749086609921968,0.0104753511629984
6994,C24H30O5Cl4,HCOCl,24,30,5,0,4,538.0847348,537.07745833312,2.4,9.2,0.260869565217391,2,4,0,0,2.77714917249978,1.36490130000906,1,1.04093062877655,2.98475163197145,0.348749496482898,-0.52404365291648
6995,C30H25O3Cl3,HCOCl,30,25,3,0,3,538.0869277,537.07965123312,2.6,9.4,0.276595744680851,2,6,0,0,2.96386387385428,1.45887420633684,0.961231350898743,1.35596328228712,3.10071254568174,0.437306993895814,-0.00823969662645706
6996,C24H23O12Cl,HCOCl,24,23,12,0,1,538.0878039,537.08052743312,2.2,6.9,0.318840579710145,2,2,0,0,1.80341507657431,1.03778435637728,0.740422487258911,1.25957751274109,1.68218395602889,0.748775131415802,-0.00121304486055641
7001,C25H27O11Cl,HCOCl,25,27,11,0,1,538.1241894,537.11691293312,2.1,6.9,0.304347826086957,2,1,0,0,1.81019807071425,1.03882074953204,0.729606807231903,1.2703931927681,1.69734518928453,0.748458946823654,0.0732682376499556
7005,C26H31O10Cl,HCOCl,26,31,10,0,1,538.1605749,537.15329843312,2,7,0.285714285714286,2,0,0,0,1.3762902385788,0.825728519203167,0.718791127204895,1.28120890259743,1.71252962795552,0.748138240461849,-0.0126901969745371
7008,C27H35O9Cl,HCOCl,27,35,9,0,1,538.1969604,537.18968393312,2,7,0.285714285714286,2,0,0,0,1.08087969303597,0.732934288591175,0.652620792388916,1.29202470183372,1.72773739660624,0.747813125056863,0.0333390076228685
7022,C22H17O14Cl,HCOCl,22,17,14,0,1,540.0306829,539.02340643312,2,6.9,0.289855072463768,2,0,0,0,0.577353799715638,0.354890640825273,0.251879632472992,1.31995779275894,1.70249319553841,0.775308703857409,-0.0638824304427721
7024,C23H21O13Cl,HCOCl,23,21,13,0,1,540.0670684,539.05979193312,3.1,6.9,0.449275362318841,3,1,0,0,1.10289452713914,0.778746642979577,0.751238286495209,1.56871949136257,1.72481856879313,0.909498262452162,0.054549619527256
7026,C24H25O12Cl,HCOCl,24,25,12,0,1,540.1034539,539.09617743312,2.1,6.9,0.304347826086957,2,1,0,0,1.62248040898703,0.935620765645091,0.740422487258911,1.25957751274109,1.68241398315877,0.748672755546293,0.0174595941374653
7032,C25H29O11Cl,HCOCl,25,29,11,0,1,540.1398394,539.13256293312,3.2,6.9,0.463768115942029,3,2,0,0,1.10193336219527,0.777612343588503,0.729606807231903,1.62544497475028,1.75640713074245,0.925437471927817,-0.00816480445447804
7037,C26H33O10Cl,HCOCl,26,33,10,0,1,540.1762249,539.16894843312,3,7,0.428571428571429,3,0,0,0,0.669388777692802,0.529716301290907,0.519885420799255,1.60116669535637,1.77239928313065,0.903389383304291,-0.0267078613303221
7058,C23H23O13Cl,HCOCl,23,23,13,0,1,542.0827185,541.07544203312,3.1,6.9,0.449275362318841,3,1,0,0,1.17680574697442,0.797881648606734,0.751238286495209,1.56871949136257,1.72504859475885,0.909376985743333,-0.019644406393414
7062,C24H27O12Cl,HCOCl,24,27,12,0,1,542.119104,541.11182753312,3.1,6.9,0.449275362318841,3,1,0,0,1.04676290019415,0.769247922647143,0.740422487258911,1.57953530550003,1.74077695549931,0.907373745102782,0.0358083163454582
7066,C25H31O11Cl,HCOCl,25,31,11,0,1,542.1554895,541.14821303312,3,6.9,0.434782608695652,3,0,0,0,0.583343060920015,0.483114405206317,0.475091278553009,1.59035098552704,1.75663715763949,0.905338349818411,0.00591426113876794
7070,C26H35O10Cl,HCOCl,26,35,10,0,1,542.191875,541.18459853312,3,7,0.428571428571429,3,0,0,0,0.268058217247017,0.184094764328293,0.160087913274765,1.60116669535637,1.77269010816235,0.903241174519899,-0.0125431896475006
7094,C25H33O11Cl,HCOCl,25,33,11,0,1,544.1711396,543.16386313312,3,6.9,0.434782608695652,3,0,0,0,0.382145853945985,0.217996949035379,0.144371032714844,1.59035098552704,1.75686718476936,0.905219813605783,0.0356187237338985
7097,C26H37O10Cl,HCOCl,26,37,10,0,1,544.2075251,543.20024863312,3,7,0.428571428571429,3,0,0,0,0.608522779424675,0.368679769284042,0.266415566205978,1.60116669535637,1.77298482006881,0.903091034526863,0.0101937101509215
7137,C24H17O13Cl,HCOCl,24,17,13,0,1,548.0357683,547.02849183312,2,6.9,0.289855072463768,2,0,0,0,1.44021592894569,0.859299873904166,0.740422487258911,1.25957751274109,1.68204547767527,0.748836776091173,-0.0446992941291468
7138,C20H27O11Cl3,HCOCl,20,27,11,0,3,548.0618947,547.05461823312,2.3,9.5,0.242105263157895,2,3,0,0,1.8304368131794,1.04857983356136,0.952967345714569,1.95987331867218,2.84204723360017,0.689599136672161,0.978022254546789
7143,C23H29O13Cl,HCOCl,23,29,13,0,1,548.1296687,547.12239223312,3.1,6.9,0.449275362318841,3,1,0,0,0.525273082079366,0.322449841810102,0.257847309112549,1.56871949136257,1.72573867382016,0.909013348985217,0.00914574215895443
7145,C27H29O10Cl,HCOCl,27,29,10,0,1,548.1449248,547.13764833312,2.1,7,0.3,2,1,0,0,1.95267405943014,1.13082671359928,0.816247880458832,1.29202470183372,1.72762025147676,0.747863832187256,0.020469027228944
7148,C28H33O9Cl,HCOCl,28,33,9,0,1,548.1813103,547.17403383312,2,7,0.285714285714286,2,0,0,0,1.75388926721644,0.993625885931038,0.697159588336945,1.30284041166306,1.74285821884405,0.747530922238279,0.0301232525967981
7168,C24H19O13Cl,HCOCl,24,19,13,0,1,550.0514183,549.04414183312,3,6.9,0.434782608695652,3,0,0,0,1.33271922031417,0.843869961899641,0.740422487258911,1.57953530550003,1.74256232788321,0.906444079632311,0.00593666639251493
7175,C20H32O13Cl2,HCOCl,20,32,13,0,2,550.1219964,549.11471993312,3.2,8.2,0.390243902439025,3,2,0,0,1.92111861938611,1.06827202964361,0.808654427528381,1.24657492246479,2.16452691471204,0.57591102886823,-0.4226876331025
7181,C28H35O9Cl,HCOCl,28,35,9,0,1,550.1969604,549.18968393312,2,7,0.285714285714286,2,0,0,0,1.39842159010004,0.818579113785395,0.697159588336945,1.30284041166306,1.74308824480977,0.74743227460939,-0.00643671402416708
7196,C24H21O13Cl,HCOCl,24,21,13,0,1,552.0670684,551.05979193312,2.1,6.9,0.304347826086957,2,1,0,0,1.54581372300163,0.899764339793501,0.740422487258911,1.25957751274109,1.68250553077087,0.74863201915538,-0.0192235140638027
7198,C31H27O3Cl3,HCOCl,31,27,3,0,3,552.1025778,551.09530133312,2.6,9.4,0.276595744680851,2,6,0,0,2.96487539727241,1.45701770454933,0.95987331867218,1.35933186113834,3.12895456282422,0.434436433589946,0.00236928319186448
7199,C25H25O12Cl,HCOCl,25,25,12,0,1,552.1034539,551.09617743312,3.1,6.9,0.449275362318841,3,1,0,0,1.69909239164554,1.03547113662343,0.729606807231903,1.62544497475028,1.75866378250066,0.924249985087567,0.0283084229685172
7204,C26H29O11Cl,HCOCl,26,29,11,0,1,552.1398394,551.13256293312,3.1,7,0.442857142857143,3,1,0,0,1.48117349646054,0.899285347293198,0.718791127204895,1.63918518647552,1.77466716221534,0.923657811095858,0.0213957829584385
7208,C27H33O10Cl,HCOCl,27,33,10,0,1,552.1762249,551.16894843312,3,7,0.428571428571429,3,0,0,0,0.982202170649543,0.731700362021758,0.707975268363953,1.61198249459267,1.79080261324998,0.900145265963853,0.00588311768503018
7211,C28H37O9Cl,HCOCl,28,37,9,0,1,552.2126104,551.20533393312,2,7,0.285714285714286,2,0,0,0,1.03475696302485,0.688712268492256,0.601962924003601,1.30284041166306,1.74331827077549,0.747333653013059,0.0101869949055175
7224,C23H19O14Cl,HCOCl,23,19,14,0,1,554.046333,553.03905653312,2,6.9,0.289855072463768,2,0,0,0,0.863411805359647,0.559641559592489,0.452101409435272,1.24876169860363,1.66759030451067,0.748842023862727,-0.0123198913802617
7225,C30H25O4Cl3,HCOCl,30,25,4,0,3,554.0818423,553.07456583312,2.6,9.4,0.276595744680851,2,6,0,0,2.97497385181487,1.46774291404069,0.975484132766724,1.35596328228712,3.10268507990986,0.437028975665978,0.0485575906593448
7226,C24H23O13Cl,HCOCl,24,23,13,0,1,554.0827185,553.07544203312,2.1,6.9,0.304347826086957,2,1,0,0,1.46559224883094,0.868024073712962,0.740422487258911,1.25957751274109,1.68273555673659,0.748529682931196,-0.00121443242666252
7230,C25H27O12Cl,HCOCl,25,27,12,0,1,554.119104,553.11182753312,2.2,6.9,0.318840579710145,2,2,0,0,1.64380382350646,0.941652275997766,0.729606807231903,1.2703931927681,1.69790390273556,0.748212658396812,-0.0665068033338249
7234,C26H38O4Cl4,HCOCl,26,38,4,0,4,554.1524204,553.14514393312,2.3,9.3,0.247311827956989,2,3,0,0,2.86220181360841,1.37171456410502,1,1.06256201863289,3.03709274635185,0.349861564125507,-0.498992742133139
7235,C26H31O11Cl,HCOCl,26,31,11,0,1,554.1554895,553.14821303312,3.1,7,0.442857142857143,3,1,0,0,1.05508859059773,0.754051580190238,0.718791127204895,1.63918518647552,1.77489718911238,0.923538104928357,0.0238552062398882
7239,C27H35O10Cl,HCOCl,27,35,10,0,1,554.191875,553.18459853312,3,7,0.428571428571429,3,0,0,0,0.717762409010902,0.612790258512457,0.605467557907104,1.61198249459267,1.79109577625059,0.899997931973873,0.00579696508411711
7240,C28H39O9Cl,HCOCl,28,39,9,0,1,554.2282605,553.22098403312,2,7,0.285714285714286,2,0,0,0,0.921789769898169,0.592521773197103,0.488995730876923,1.30284041166306,1.74354829767253,0.747235057039843,-0.0900925765867567
7252,C23H21O14Cl,HCOCl,23,21,14,0,1,556.061983,555.05470653312,2,6.9,0.289855072463768,2,0,0,0,0.804482004372403,0.513212338607874,0.393171608448029,1.24876169860363,1.66782033140771,0.748738743069298,-0.0481738581974452
7256,C25H29O12Cl,HCOCl,25,29,12,0,1,556.134754,555.12747753312,3.1,6.9,0.449275362318841,3,1,0,0,1.04283829382621,0.750134496723346,0.729606807231903,1.59035098552704,1.7591238344321,0.904058574159704,-0.00100680040723316
7257,C26H33O11Cl,HCOCl,26,33,11,0,1,556.1711396,555.16386313312,3,7,0.428571428571429,3,0,0,0,0.385547887301072,0.288445657261113,0.273667484521866,1.60116669535637,1.77512721624225,0.902001096431759,0.0237041089880461
7260,C27H37O10Cl,HCOCl,27,37,10,0,1,556.2075251,555.20024863312,2,7,0.285714285714286,2,0,0,0,0.630318818846717,0.389910407142636,0.319957792758942,1.29202470183372,1.72854035743512,0.747465742570734,0.0168468953996029
7280,C24H27O13Cl,HCOCl,24,27,13,0,1,558.1140186,557.10674213312,3.1,6.9,0.449275362318841,3,1,0,0,0.857546730432659,0.667530367226486,0.653284251689911,1.57953530550003,1.74348243384156,0.905965712553642,-0.0242675052077876
7300,C24H29O13Cl,HCOCl,24,29,13,0,1,560.1296687,559.12239223312,3.1,6.9,0.449275362318841,3,1,0,0,0.337564869318157,0.253662698401309,0.239434331655502,1.57953530550003,1.74371245980728,0.905846199937461,-0.00378728515658766
7306,C26H37O11Cl,HCOCl,26,37,11,0,1,560.2024397,559.19516323312,3,7,0.428571428571429,3,0,0,0,0.518333446001634,0.308377696774408,0.230369955301285,1.60116669535637,1.77560563315637,0.901758062408308,-0.0121636978411028
7313,C25H19O13Cl,HCOCl,25,19,13,0,1,562.0514183,561.04414183312,2,6.9,0.289855072463768,2,0,0,0,1.79602095857263,1.02963631964795,0.729606807231903,1.2703931927681,1.69754250859842,0.748371947290441,0.0456908818022568
7317,C32H25O3Cl3,HCOCl,32,25,3,0,3,562.0869277,561.07965123312,2.6,9.4,0.276595744680851,2,6,0,0,3.03266712930053,1.47654825684129,0.97011411190033,1.36873033130541,3.15730881085619,0.433511706741871,0.0669536541781463
7325,C28H31O10Cl,HCOCl,28,31,10,0,1,562.1605749,561.15329843312,2.1,7,0.3,2,1,0,0,1.8378352378495,1.04824232836882,0.707682490348816,1.30284041166306,1.74320823675953,0.747380825875927,0.0377099125060591
7340,C25H21O13Cl,HCOCl,25,21,13,0,1,564.0670684,563.05979193312,2,6.9,0.289855072463768,2,0,0,0,1.85944256559014,1.07059094593107,0.729606807231903,1.2703931927681,1.69777253549546,0.748270552272398,0.0454637355361026
7346,C27H29O11Cl,HCOCl,27,29,11,0,1,564.1398394,563.13256293312,2.1,7,0.3,2,1,0,0,1.95382445165887,1.13151902557043,0.817206263542175,1.29202470183372,1.72819318645634,0.747615898476618,0.0283087709382212
7360,C24H19O14Cl,HCOCl,24,19,14,0,1,566.046333,565.03905653312,2,6.9,0.289855072463768,2,0,0,0,0.93175871251151,0.61291725286475,0.516027331352234,1.25957751274109,1.68282710388303,0.748488962315074,0.05196703886497
7364,C25H23O13Cl,HCOCl,25,23,13,0,1,566.0827185,565.07544203312,2.1,6.9,0.304347826086957,2,1,0,0,1.76912334933877,1.01296647961595,0.729606807231903,1.2703931927681,1.69800256146118,0.748169185136498,0.0519748415565962
7365,C24H36O2Cl6,HCOCl,24,36,2,0,6,566.0846465,565.07737003312,3.3,9,0.366666666666667,3,3,0,0,3.21427427232265,1.41163535084996,0.949046552181244,1.86757376184687,3.40111758699641,0.549105908301207,0.603993742973936
7379,C24H21O14Cl,HCOCl,24,21,14,0,1,568.061983,567.05470653312,3,6.9,0.434782608695652,3,0,0,0,1.08980638859794,0.777045152517625,0.723663926124573,1.57953530550003,1.74549782602116,0.904919663578474,-0.0119021691093335
7381,C31H27O4Cl3,HCOCl,31,27,4,0,3,568.0974924,567.09021593312,2.6,9.4,0.276595744680851,2,6,0,0,2.98877384979278,1.46750672495315,0.968926608562469,1.35933186113834,3.13092709705234,0.43416273167718,0.0450722570182982
7382,C25H25O13Cl,HCOCl,25,25,13,0,1,568.0983685,567.09109203312,2.1,6.9,0.304347826086957,2,1,0,0,1.64182201400399,0.940520715200033,0.729606807231903,1.2703931927681,1.69823258859105,0.748067844948191,0.0166366579033167
7395,C28H37O10Cl,HCOCl,28,37,10,0,1,568.2075251,567.20024863312,3,7,0.428571428571429,3,0,0,0,0.524574086535722,0.337703082312985,0.305188477039337,1.622798204422,1.80995541822631,0.896595677484852,0.0341204071617381
7405,C25H27O13Cl,HCOCl,25,27,13,0,1,570.1140186,569.10674213312,3.1,6.9,0.449275362318841,3,1,0,0,1.29305437579751,0.837795598107303,0.729606807231903,1.59035098552704,1.76161051890813,0.902782407607762,-0.0212133757982913
7406,C22H31O15Cl,HCOCl,22,31,15,0,1,570.135148,569.12787153312,2,6.9,0.289855072463768,2,0,0,0,1.04430356342345,0.72554574928557,0.680042207241058,1.31995779275894,1.70545279991347,0.773963250595918,-0.290015905816377
7408,C26H31O12Cl,HCOCl,26,31,12,0,1,570.1504041,569.14312763312,2.1,7,0.3,2,1,0,0,1.08598558651283,0.740559391371949,0.661669731140137,1.28120890259743,1.71366127603687,0.747644193466538,0.00566218204702936
7411,C27H35O11Cl,HCOCl,27,35,11,0,1,570.1867896,569.17951313312,3,7,0.428571428571429,3,0,0,0,0.553488543722779,0.343627376849423,0.293981999158859,1.61198249459267,1.79377180361189,0.89865527563028,-0.00774678590131643
7413,C28H39O10Cl,HCOCl,28,39,10,0,1,570.2231751,569.21589863312,2,7,0.285714285714286,2,0,0,0,0.59311117278412,0.370949805921732,0.319957792758942,1.30284041166306,1.74412834271789,0.746986548955928,-0.00773522313028399
7436,C26H33O12Cl,HCOCl,26,33,12,0,1,572.1660542,571.15877773312,3.1,7,0.442857142857143,3,1,0,0,0.614132389891893,0.431870560990761,0.410336285829544,1.60116669535637,1.77785515075084,0.900617069214076,0.0164038457415889
7458,C26H35O12Cl,HCOCl,26,35,12,0,1,574.1817042,573.17442773312,3,7,0.428571428571429,3,0,0,0,0.500696912873536,0.312722051250372,0.272346407175064,1.60116669535637,1.77808517671656,0.900500558872612,-0.0210022892556063
7473,C27H25O12Cl,HCOCl,27,25,12,0,1,576.1034539,575.09617743312,2.1,7.1,0.295774647887324,2,1,0,0,1.99992848886177,1.16511083597262,0.863118290901184,1.29202470183372,1.72830607066862,0.747567067986913,0.0716533619442876
7494,C25H19O14Cl,HCOCl,25,19,14,0,1,578.046333,577.03905653312,2,7,0.285714285714286,2,0,0,0,1.38308723759837,0.834709897285772,0.729606807231903,1.2703931927681,1.69810122041963,0.748125716825149,0.0228347881451656
7514,C25H21O14Cl,HCOCl,25,21,14,0,1,580.061983,579.05470653312,2.1,7,0.3,2,1,0,0,1.34193344903179,0.824155726693173,0.729606807231903,1.2703931927681,1.69833124731667,0.748024388513896,-0.018255970859395
7515,C26H32O6Cl4,HCOCl,26,32,6,0,4,580.0952995,579.08802303312,2.4,9.2,0.260869565217391,2,4,0,0,2.76577316597104,1.3643478749266,1,1.06256201863289,3.03730572713539,0.349837031267523,-0.451513960826553
7518,C27H29O12Cl,HCOCl,27,29,12,0,1,580.134754,579.12747753312,3.1,7.1,0.436619718309859,3,1,0,0,1.64567160559818,1.00497730071947,0.707975268363953,1.65304246544838,1.7958208899945,0.920494061884668,0.0457783161694574
7531,C25H23O14Cl,HCOCl,25,23,14,0,1,582.0776331,581.07035663312,2.2,7,0.314285714285714,2,2,0,0,1.55745478463359,0.899166991081606,0.729606807231903,1.2703931927681,1.69856127328239,0.747923088057412,0.0161639642015086
7538,C28H42O4Cl4,HCOCl,28,42,4,0,4,582.1837205,581.17644403312,2.3,9.3,0.247311827956989,2,3,0,0,2.89936134964228,1.36644829521438,1,1.08419352769852,3.08754445612431,0.351150742314969,-0.459046640411208
7539,C28H35O11Cl,HCOCl,28,35,11,0,1,582.1867896,581.17951313312,3,7,0.428571428571429,3,0,0,0,0.697129902429879,0.577080656385591,0.568499088287354,1.622798204422,1.81234065035824,0.895415662668729,-0.0075868330553742
7553,C28H37O11Cl,HCOCl,28,37,11,0,1,584.2024397,583.19516323312,3,7,0.428571428571429,3,0,0,0,0.361705687828362,0.233980412314328,0.208746075630188,1.622798204422,1.81259045435581,0.895292260048193,-0.00107031509189983
7577,C28H39O11Cl,HCOCl,28,39,11,0,1,586.2180897,585.21081323312,2,7,0.285714285714286,2,0,0,0,0.48878210503608,0.326485032512509,0.302840411663055,1.31995779275894,1.80421444447711,0.731596954452654,0.00960940210702529
7614,C26H21O14Cl,HCOCl,26,21,14,0,1,592.061983,591.05470653312,2,7.1,0.28169014084507,2,0,0,0,1.6949624363333,0.965101171882447,0.718791127204895,1.28120890259743,1.71364279091358,0.747652258329979,0.0836251064551963
7617,C33H27O4Cl3,HCOCl,33,27,4,0,3,592.0974924,591.09021593312,2.5,9.4,0.265957446808511,2,5,0,0,3.03816893883049,1.47332807183364,0.95987331867218,1.36640588194132,3.18774784449488,0.42864302592222,-0.00412328348287133
7622,C28H29O12Cl,HCOCl,28,29,12,0,1,592.134754,591.12747753312,2.1,7.1,0.295774647887324,2,1,0,0,1.86835039546713,1.06880642773629,0.737799406051636,1.30284041166306,1.74413830391131,0.74698228273605,0.00210802083097466
7654,C28H33O12Cl,HCOCl,28,33,12,0,1,596.1660542,595.15877773312,2,7.1,0.28169014084507,2,0,0,0,1.44513983419165,0.83484451106649,0.697159588336945,1.30284041166306,1.74459835793823,0.746785302035223,0.0221483159394623
7656,C29H37O11Cl,HCOCl,29,37,11,0,1,596.2024397,595.19516323312,2.1,7.1,0.295774647887324,2,1,0,0,0.988797137048095,0.645214246038442,0.551018059253693,1.31365609169006,1.75988084031269,0.7464460442996,0.0261490091707288
7657,C30H41O10Cl,HCOCl,30,41,10,0,1,596.2388252,595.23154873312,2,7.1,0.28169014084507,2,0,0,0,0.734622000483796,0.44602369755418,0.319957792758942,1.32447189092636,1.77518667909317,0.746102878376122,-0.00745728593551784
7666,C28H35O12Cl,HCOCl,28,35,12,0,1,598.1817042,597.17442773312,3,7.1,0.422535211267606,3,0,0,0,0.729657032992691,0.534332440462442,0.515537321567535,1.622798204422,1.81509104883298,0.894058843750774,-0.0240995745536297
7667,C29H39O11Cl,HCOCl,29,39,11,0,1,598.2180897,597.21081323312,2,7.1,0.28169014084507,2,0,0,0,0.641520985867828,0.392671983686957,0.319957792758942,1.31365609169006,1.76011086720973,0.74634849211094,0.0094163164784178
7682,C28H37O12Cl,HCOCl,28,37,12,0,1,600.1973543,599.19007783312,3.1,7.1,0.436619718309859,3,1,0,0,0.220727035310119,0.141907909945882,0.102571040391922,1.622798204422,1.8153210747987,0.893945554288211,0.00536589642382041
7695,C28H39O12Cl,HCOCl,28,39,12,0,1,602.2130044,601.20572793312,2,7.1,0.28169014084507,2,0,0,0,0.737054714467376,0.451861851331127,0.319957792758942,1.30284041166306,1.74528843676671,0.746490026643774,0.0322044559880403
7720,C22H29O13Cl3,HCOCl,22,29,13,0,3,606.067374,605.06009753312,3.4,9.5,0.357894736842105,3,4,0,0,1.66071839490905,1.01364201147098,0.931405246257782,2.19938134681433,2.91501174983568,0.754501708934213,0.904366997771296
7749,C30H39O11Cl,HCOCl,30,39,11,0,1,610.2180897,609.21081323312,2,7.1,0.28169014084507,2,0,0,0,0.866486983373761,0.541542755765091,0.424083650112152,1.32447189092636,1.77555092191324,0.745949820182675,-0.0501618013475386
7764,C28H33O13Cl,HCOCl,28,33,13,0,1,612.1609688,611.15369233312,3,7.1,0.422535211267606,3,0,0,0,0.928709944710135,0.713200301814451,0.697159588336945,1.622798204422,1.81761142832693,0.892819102659224,0.0278372262467283
7767,C29H37O12Cl,HCOCl,29,37,12,0,1,612.1973543,611.19007783312,3,7.1,0.422535211267606,3,0,0,0,0.801209458615631,0.628970142435275,0.617204964160919,1.63361388444901,1.83405554643832,0.890711236975037,0.0216138401419349
7768,C30H41O11Cl,HCOCl,30,41,11,0,1,612.2337398,611.22646333312,2,7.1,0.28169014084507,2,0,0,0,0.671308355405927,0.40720894291763,0.319957792758942,1.32447189092636,1.77578094787896,0.745853193496838,0.0153852967976077
7781,C28H35O13Cl,HCOCl,28,35,13,0,1,614.1766189,613.16934243312,2,7.1,0.28169014084507,2,0,0,0,0.817116847261786,0.508980508624888,0.38352632522583,1.30284041166306,1.74540843069553,0.746438706695075,0.00517490295298283
7783,C29H39O12Cl,HCOCl,29,39,12,0,1,614.2130044,613.20572793312,3,7.1,0.422535211267606,3,0,0,0,0.74285883596167,0.478675063162432,0.42107617855072,1.63361388444901,1.83428557333536,0.89059953815072,0.00518486969726219
7799,C26H29O15Cl,HCOCl,26,29,15,0,1,616.1194979,615.11222143312,2.1,7.1,0.295774647887324,2,1,0,0,0.975829182891175,0.643567839434701,0.550958633422852,1.28120890259743,1.71512872027233,0.747004517768202,-0.13331016198948
7801,C27H33O14Cl,HCOCl,27,33,14,0,1,616.1558834,615.14860693312,2,7.1,0.28169014084507,2,0,0,0,0.971489132149145,0.63666314837355,0.542270183563232,1.29202470183372,1.7303720463533,0.746674511158815,-0.0334646108394032
7803,C28H37O13Cl,HCOCl,28,37,13,0,1,616.1922689,615.18499243312,2,7.1,0.28169014084507,2,0,0,0,0.671700110659003,0.410688315164989,0.319957792758942,1.30284041166306,1.74563845666125,0.746340347104231,0.0133192485498904
7838,C28H34O7Cl4,HCOCl,28,34,7,0,4,622.1058641,621.09858763312,4.3,9.2,0.467391304347826,4,3,0,0,2.76728284358978,1.35097189979654,1,1.69462904008105,3.17675749841146,0.533446144670613,-0.453035055453528
7840,C29H31O13Cl,HCOCl,29,31,13,0,1,622.1453187,621.13804223312,2,7.1,0.28169014084507,2,0,0,0,1.87490923097357,1.07089277449612,0.750373780727386,1.31365609169006,1.76036507752724,0.746240713622505,0.101772109663119
7851,C31H41O11Cl,HCOCl,31,41,11,0,1,624.2337398,623.22646333312,2,7.1,0.28169014084507,2,0,0,0,1.2014573472552,0.751049549103994,0.664712429046631,1.33528760075569,1.79125834582373,0.745446687725908,0.037243986005415
7869,C30H32O6Cl4,HCOCl,30,32,6,0,4,628.0952995,627.08802303312,2.5,9.3,0.268817204301075,2,5,0,0,2.87314051017165,1.33913651892359,1,1.10582500696182,3.14142481796443,0.352013838000545,-0.329085984670676
7870,C33H31O6Cl3,HCOCl,33,31,6,0,3,628.1186218,627.11134533312,2.6,9.4,0.276595744680851,2,6,0,0,3.03808039613068,1.47837590973651,0.970358788967133,1.36640588194132,3.19169291015714,0.428113205250076,0.0407146769638337
7873,C30H41O12Cl,HCOCl,30,41,12,0,1,628.2286544,627.22137793312,2,7.1,0.28169014084507,2,0,0,0,0.753357267240062,0.458238338881528,0.319957792758942,1.32447189092636,1.77637521806173,0.745603675090414,0.0309710483351348
7883,C27H31O15Cl,HCOCl,27,31,15,0,1,630.135148,629.12787153312,3.1,7.1,0.436619718309859,3,1,0,0,1.32019641343504,0.826142523727252,0.707975268363953,1.61198249459267,1.80426843138412,0.893427201049048,-0.0556386858182199
7885,C28H35O14Cl,HCOCl,28,35,14,0,1,630.1715335,629.16425703312,3.1,7.1,0.436619718309859,3,1,0,0,1.06401816243306,0.742694172376795,0.687896847724915,1.622798204422,1.82059185032267,0.891357502305847,0.0149048525221191
7893,C26H29O16Cl,HCOCl,26,29,16,0,1,632.1144125,631.10713603312,2.1,7.1,0.295774647887324,2,1,0,0,0.809741589706391,0.508535776541367,0.384686142206192,1.28120890259743,1.71569454413839,0.746758160987709,-0.0837908541893264
7895,C28H37O14Cl,HCOCl,28,37,14,0,1,632.1871835,631.17990703312,3,7.1,0.422535211267606,3,0,0,0,0.703798743430525,0.431165513616664,0.328720927238464,1.622798204422,1.82082187628839,0.891244896359631,-0.0129968349152918
7909,C24H33O13Cl3,HCOCl,24,33,13,0,3,634.0986742,633.09139773312,4.5,9.5,0.473684210526316,4,5,0,0,1.71092768665403,1.04406936084059,0.95765620470047,2.28019267180935,2.98916274798103,0.762819847580885,0.811422703695178
7922,C36H32O2Cl4,HCOCl,36,32,2,0,4,636.115641,635.10836453312,5.2,9.3,0.559139784946237,5,2,0,0,3.98988988995552,1.65500915950265,1,1.67312547378242,3.41587905574124,0.489808171331568,-0.0308966111642793
7931,C35H30O3Cl4,HCOCl,35,30,3,0,4,638.0949055,637.08762903312,4.2,9.3,0.451612903225807,4,2,0,0,3.79435417056084,1.58795558844552,1,1.47201914340258,3.37453461042605,0.4362139712109,9.38538669210678E-05
7949,C28H31O15Cl,HCOCl,28,31,15,0,1,642.135148,641.12787153312,3.1,7.1,0.436619718309859,3,1,0,0,1.15640999283642,0.764738124669236,0.697159588336945,1.622798204422,1.82288220501505,0.890237558936838,-0.0514069240426291
7951,C30H39O13Cl,HCOCl,30,39,13,0,1,642.207919,641.20064253312,2,7.1,0.28169014084507,2,0,0,0,0.806976373074576,0.496010447792116,0.36414635181427,1.32447189092636,1.77673946204595,0.745450821135702,-0.0165556688690464
7961,C28H33O15Cl,HCOCl,28,33,15,0,1,644.150798,643.14352153312,2.1,7.1,0.295774647887324,2,1,0,0,1.35275556053966,0.804432832951596,0.697159588336945,1.30284041166306,1.74633849784732,0.746041167430624,0.00341973540957934
7997,C32H41O12Cl,HCOCl,32,41,12,0,1,652.2286544,651.22137793312,2,7.1,0.28169014084507,2,0,0,0,1.36283151549287,0.780121006891654,0.653896689414978,1.34610331058502,1.80738156079315,0.74478092494996,0.0393394664620894
8010,C26H35O17Cl,HCOCl,26,35,17,0,1,654.1562773,653.14900083312,2,7.1,0.28169014084507,2,0,0,0,1.08276496105827,0.741655346254996,0.680042207241058,1.31995779275894,1.7812236638274,0.741039892723344,-0.280841459993791
8014,C35H52O7Cl2,HCOCl,35,52,7,0,2,654.3090094,653.30173293312,2,8.4,0.238095238095238,2,0,0,0,1.10155489342287,0.696611080734632,0.639915525913239,1.37855049967766,2.4176052971743,0.570213219374108,-0.550458389935214
8018,C30H37O14Cl,HCOCl,30,37,14,0,1,656.1871835,655.17990703312,2,7.1,0.28169014084507,2,0,0,0,0.754140987060964,0.458483105537698,0.319957792758942,1.32447189092636,1.7771037039347,0.745298030719219,0.00858638348173809
8020,C30H33O10Cl3,HCOCl,30,33,10,0,3,658.1139303,657.10665383312,3.3,9.4,0.351063829787234,3,3,0,0,2.26143906451762,1.09133428413622,0.846363425254822,2.27498163469136,3.13284787256271,0.726170477224735,0.973219456661211
8025,C30H39O14Cl,HCOCl,30,39,14,0,1,658.2028336,657.19555713312,2,7.1,0.28169014084507,2,0,0,0,1.13359875883907,0.754976206997513,0.675528109073639,1.32447189092636,1.77733373083174,0.745201572417435,0.0201135941778892
8097,C30H39O15Cl,HCOCl,30,39,15,0,1,674.1977482,673.19047173312,2,7.1,0.28169014084507,2,0,0,0,1.02689192024991,0.673837077610811,0.583635210990906,1.32447189092636,1.77792800124735,0.744952489638021,0.0500054815071368
8120,C24H31O16Cl3,HCOCl,24,31,16,0,3,680.0677679,679.06049143312,3.2,9.5,0.336842105263158,3,2,0,0,1.49632929544896,0.867958700692707,0.763224005699158,2.22341994289309,2.97968370071612,0.746193276272485,0.877086796846243
8136,C31H37O15Cl,HCOCl,31,37,15,0,1,684.1820982,683.17482173312,2,7.1,0.28169014084507,2,0,0,0,1.0927759965416,0.728011002876019,0.644829154014587,1.33528760075569,1.79320381744765,0.744637942303887,0.0611331717279264
8202,C31H39O16Cl,HCOCl,31,39,16,0,1,702.1926628,701.18538633312,2,7.1,0.28169014084507,2,0,0,0,1.19920096127316,0.750660281316349,0.664712429046631,1.33528760075569,1.79403522517532,0.744292855579355,-0.0808659825069956
8226,C28H37O19Cl,HCOCl,28,37,19,0,1,712.1617566,711.15448013312,2,7.1,0.28169014084507,2,0,0,0,0.839018524857238,0.528064419737622,0.421350657939911,1.31995779275894,1.82308080140501,0.72402594100145,-0.297878261578749
8251,C38H28O6Cl4,HCOCl,38,28,6,0,4,720.0639993,719.05672283312,2,9.3,0.21505376344086,2,0,0,0,3.50355174764991,1.54034985589056,1,0.883726112544537,3.38050865242258,0.261418089230812,-0.998485726146499
8278,C34H41O11Cl3,HCOCl,34,41,11,0,3,730.1714452,729.16416873312,2.2,9.5,0.231578947368421,2,2,0,0,2.03080523386598,0.920826888369248,0.670199155807495,1.95987331867218,3.23367496393621,0.606082349193969,0.892922417241146
8306,C33H35O13Cl3,HCOCl,33,35,13,0,3,744.1143242,743.10704773312,3.2,9.5,0.336842105263158,3,2,0,0,1.89672197587788,0.969293118658322,0.818300426006317,2.30722365155816,3.23024251591414,0.714257099951899,0.959094541709624
8307,C34H39O12Cl3,HCOCl,34,39,12,0,3,744.1507097,743.14343323312,3.3,9.5,0.347368421052632,3,3,0,0,1.83970135822892,0.968849074518463,0.819937884807587,2.31723979860544,3.25675704842433,0.711517550787694,0.860595346720822
8313,C34H41O12Cl3,HCOCl,34,41,12,0,3,746.1663598,745.15908333312,3.2,9.5,0.336842105263158,3,2,0,0,1.81631833687425,0.985408263836176,0.84747302532196,2.31285211443901,3.2568956874311,0.710140064775391,0.871653558962777
8324,C46H26O2Cl4,HCOCl,46,26,2,0,4,750.0686908,749.06141433312,3.2,9.3,0.344086021505376,3,2,0,0,3.44607374072075,1.5416691874048,1,1.36589578725398,3.72713844035752,0.36647304872393,-0.875295314026512
8328,C56H29OCl,HCOCl,56,29,1,0,1,752.1906932,751.18341673312,2.2,7.8,0.282051282051282,2,2,0,0,1.88611121242866,1.09402276340306,0.850069403648376,1.19503696844913,2.22728458954953,0.536544352731695,0.726562153460667
8341,C36H43O11Cl3,HCOCl,36,43,11,0,3,756.1870952,755.17981873312,2.2,9.5,0.231578947368421,2,2,0,0,2.39793879631907,1.04294147170045,0.654578566551208,1.95987331867218,3.29149335157126,0.595435903808402,0.99874400009612
8344,C31H45O19Cl,HCOCl,31,45,19,0,1,756.2243569,755.21708043312,2.1,7.1,0.295774647887324,2,1,0,0,1.18992384895682,0.683966634614135,0.563127398490906,1.31995779275894,1.8799835073296,0.702111368324641,-0.311230368093457
8350,C30H46O9Cl6,HCOCl,30,46,9,0,6,760.1272991,759.12002263312,2.1,9.1,0.230769230769231,2,1,0,0,3.33951627463102,1.44755082311078,1,0.689920201897621,3.52579670399427,0.195677816907603,0.35299790799304
8397,C30H48O10Cl6,HCOCl,30,48,10,0,6,778.1378638,777.13058733312,2.1,9.1,0.230769230769231,2,1,0,0,3.56816247850657,1.49493190913224,1,0.689920201897621,3.52579670399427,0.195677816907603,0.344799296410683
8423,C36H43O13Cl3,HCOCl,36,43,13,0,3,788.1769245,787.16964803312,3.3,9.5,0.347368421052632,3,3,0,0,1.67774695996195,0.919802343258258,0.763663470745087,2.33836883679032,3.31979225296527,0.704372038552011,0.89067908594922
8441,C41H36O8Cl4,HCOCl,41,36,8,0,4,796.1164288,795.10915233312,4.3,9.3,0.46236559139785,4,3,0,0,1.9728341512382,0.874876784194938,0.553712606430054,2.33286713017151,3.57391467038542,0.65274841324623,-0.881604159047302
8442,C32H41O21Cl,HCOCl,32,41,21,0,1,796.182886,795.17560953312,2.2,7.1,0.309859154929578,2,2,0,0,1.14886660315096,0.708742919706909,0.604832053184509,1.31995779275894,1.90408858470619,0.69322289065801,-0.144600039894232
8477,C48H36O4Cl4,HCOCl,48,36,4,0,4,816.1367704,815.12949393312,6.1,9.3,0.655913978494624,6,1,0,0,3.60414908826351,1.40032408618276,0.897626996040344,2.93596517667174,3.94281865935773,0.744636117033595,-0.81861512571516
8503,C44H38O8Cl4,HCOCl,44,38,8,0,4,834.1320789,833.12480243312,6.6,9.3,0.709677419354839,6,6,0,0,2.36431258916855,1.03280491510402,0.646215260028839,3.03313426137902,3.81130101834424,0.79582647678055,-0.19869023367268
8511,C44H44O8Cl4,HCOCl,44,44,8,0,4,840.1790291,839.17175263312,7.3,9.3,0.78494623655914,7,3,0,0,2.02515269815922,0.901932090158537,0.606328368186951,3.26053086481988,3.83281650673598,0.850687962517816,-0.688878345480031
8520,C53H39O4Cl3,HCOCl,53,39,4,0,3,844.1913928,843.18411633312,4.4,9.5,0.463157894736842,4,4,0,0,2.24367497675121,1.15930677144596,0.95987331867218,1.93370589660481,3.84250584989786,0.503240846505466,-0.51900221033146
8522,C36H43O21Cl,HCOCl,36,43,21,0,1,846.1985361,845.19125963312,2.1,8.1,0.259259259259259,2,1,0,0,1.76774802966975,0.843315851153921,0.539787352085114,1.02358005009592,1.88086674571969,0.544206575200125,-0.151527940375425
8536,C34H45O23Cl,HCOCl,34,45,23,0,1,856.2040154,855.19673893312,3.2,7.2,0.444444444444445,3,2,0,0,1.77934148488566,0.957572736891865,0.756048321723938,1.43761739134789,1.97577853314579,0.727620716203929,-0.159667768907412
8557,C52H44O4Cl4,HCOCl,52,44,4,0,4,872.1993706,871.19209413312,5.2,9.3,0.559139784946237,5,2,0,0,3.82057303190231,1.4394317989502,0.897626996040344,2.50742511474527,3.94307493069209,0.635906027356464,-0.664212581969408
8565,C42H43O14Cl3,HCOCl,42,43,14,0,3,876.1718391,875.16456263312,2.6,9.5,0.273684210526316,2,6,0,0,3.3274446465075,1.48884762869271,0.95987331867218,1.018893067725,3.35290631465614,0.303883548213454,0.81611386751593
8572,C36H46O12Cl6,HCOCl,36,46,12,0,6,880.112043,879.10476653312,2.1,9,0.233333333333333,2,1,0,0,3.53393207490444,1.47712820585073,1,0.72372379899025,3.69854812324047,0.195677810555608,0.30478060197515
8585,C46H46O14Cl2,HCOCl,46,46,14,0,2,892.2264615,891.21918503312,2.3,8.4,0.273809523809524,2,3,0,0,1.14841873571277,0.724346651815335,0.639915525913239,1.50285644549876,2.63213625922799,0.570964531273755,0.986504660882834
8588,C35H44O14Cl6,HCOCl,35,44,14,0,6,898.0862222,897.07894573312,2,9,0.222222222222222,2,0,0,0,3.63564825057983,1.50978995389608,1,0.718089804053307,3.66975608468056,0.195677801871078,0.298651619587462
8590,C36H49O24Cl,HCOCl,36,49,24,0,1,900.2302301,899.22295363312,2.3,8.2,0.280487804878049,2,3,0,0,1.63747159123886,0.881724931878872,0.626284718513489,1.31995779275894,1.9913689304376,0.662839402876935,-0.103923083085356
8604,C51H52O11Cl2,HCOCl,51,52,11,0,2,910.2886678,909.28139133312,2.1,9.4,0.223404255319149,2,1,0,0,1.77709584287368,0.931018717660504,0.639915525913239,1.10237299650908,2.83463283767924,0.388894456402194,0.966937395019498
8618,C43H47O16Cl3,HCOCl,43,47,16,0,3,924.1929685,923.18569203312,2.4,9.5,0.252631578947369,2,4,0,0,2.51570764463395,1.07874939141177,0.653554558753967,1.99275321885943,3.50781790819019,0.568089128630844,0.878647159105732
8623,C52H36O8Cl4,HCOCl,52,36,8,0,4,928.1164288,927.10915233312,5.1,9.3,0.548387096774194,5,1,0,0,3.62158951163292,1.40019908004221,0.897626996040344,2.50372042879462,3.96047995099798,0.632176013961067,-0.611315374769395
8631,C52H44O8Cl4,HCOCl,52,44,8,0,4,936.1790291,935.17175263312,6.1,9.3,0.655913978494624,6,1,0,0,3.14879107475281,1.33999239212525,0.897626996040344,2.98365702852607,4.13295550690964,0.721918497195983,-0.410186052276944
8648,C53H58O12Cl2,HCOCl,53,58,12,0,2,956.3305327,955.32325623312,2.1,9.3,0.225806451612903,2,1,0,0,1.19901577639394,0.747351633555078,0.639915525913239,1.57780471257865,2.77258575172164,0.569073368280464,0.920246496903411
8681,C54H60O13Cl2,HCOCl,54,60,13,0,2,986.3410973,985.33382083312,2.1,9.3,0.225806451612903,2,1,0,0,1.25157597265206,0.75305712335515,0.639915525913239,1.58900131843984,2.79682128853165,0.568145460332247,0.892305897921672
